Date,Ticker,Adjusted Close,Return,Volatility,RSI,SMA_100,Lower Band,Support,Year,Month,Day,Day_of_Week,Predicted_Action
2024-10-25,A,130.16,-0.0040553887,0.012136545,18.866226,136.65535,129.75082,130.16,2024,10,25,4,buy
2024-10-25,AAPL,231.4,0.0035997161,0.013669413,66.374374,221.79668,222.31091,216.32,2024,10,25,4,sell
2024-10-25,ABBV,187.82,-0.009649283,0.0085110385,38.896248,183.02953,185.91254,186.54,2024,10,25,4,short
2024-10-25,ABNB,134.6,0.013936016,0.014984474,59.373676,133.4199,124.72602,114.28,2024,10,25,4,hold
2024-10-25,ABT,114.24,-0.019735739,0.010345859,54.569176,109.39799,111.01516,110.2504,2024,10,25,4,short
2024-10-25,ACGL,105.28,-0.016442472,0.019703876,43.000553,104.558304,104.20985,102.55,2024,10,25,4,buy
2024-10-25,ACN,360.79,-0.009444588,0.010612564,56.278187,328.58002,348.07022,325.59473,2024,10,25,4,short
2024-10-25,ADBE,483.73,0.0017810506,0.015511738,47.658417,530.7765,479.76227,482.87,2024,10,25,4,buy
2024-10-25,ADI,230.17,0.002133427,0.015324352,54.86961,226.60037,222.35748,213.64,2024,10,25,4,hold
2024-10-25,ADM,56.57,0.0012389326,0.012255327,35.633636,60.02856,55.26227,55.69,2024,10,25,4,short
2024-10-25,ADP,287.96,-0.0050789528,0.007011852,65.36844,262.75156,278.82504,262.76196,2024,10,25,4,buy
2024-10-25,ADSK,286.05,0.0009798047,0.012379769,78.29223,253.8362,263.4989,248.23,2024,10,25,4,buy
2024-10-25,AEE,87.8,-0.013593968,0.0077403756,53.618443,79.53998,85.87157,81.00572,2024,10,25,4,short
2024-10-25,AEP,98.18,-0.012174254,0.009607859,50.585953,95.99129,96.67717,96.94,2024,10,25,4,short
2024-10-25,AES,16.965,-0.0008833563,0.017575182,25.95202,17.936937,15.829118,16.19,2024,10,25,4,hold
2024-10-25,AFL,109.71,-0.020533908,0.01174182,40.666103,101.359474,110.05574,104.26019,2024,10,25,4,short
2024-10-25,AIG,76.82,-0.011071068,0.016434968,65.142845,74.57856,71.80549,71.51657,2024,10,25,4,short
2024-10-25,AIZ,191.78,-0.015149166,0.015020952,62.658833,181.8344,187.25598,186.5833,2024,10,25,4,sell
2024-10-25,AJG,283.28,-0.014849554,0.011609944,45.26921,278.9026,281.90817,276.06,2024,10,25,4,sell
2024-10-25,AKAM,101.98,-0.00797665,0.010677696,53.316975,97.1179,99.04674,94.72,2024,10,25,4,short
2024-10-25,ALB,93.51,-0.017235937,0.028231319,31.696735,92.76249,90.021774,76.54809,2024,10,25,4,buy
2024-10-25,ALGN,219.23,0.012984001,0.020045249,33.065895,236.2436,201.52014,207.66,2024,10,25,4,sell
2024-10-25,ALL,188.15,-0.020052115,0.014723071,65.55454,176.6533,181.91234,177.96645,2024,10,25,4,sell
2024-10-25,ALLE,142.62,-0.018241957,0.012602139,42.869164,132.37056,141.56386,130.83168,2024,10,25,4,short
2024-10-25,AMAT,186.51,0.015020378,0.029245067,38.09439,207.66556,175.34021,174.75,2024,10,25,4,hold
2024-10-25,AMCR,11.0,-0.006323369,0.006409408,43.956055,10.53643,10.934755,10.333578,2024,10,25,4,sell
2024-10-25,AMD,156.22,0.018117823,0.022489315,29.822155,155.2471,148.32797,134.35,2024,10,25,4,sell
2024-10-25,AME,166.96,0.0022812155,0.008066944,51.89879,167.51352,165.79237,162.41806,2024,10,25,4,buy
2024-10-25,AMGN,317.06,0.0043396847,0.0097058965,49.469368,321.32376,313.47073,312.86,2024,10,25,4,hold
2024-10-25,AMP,504.35,0.00027769114,0.011860694,67.69257,445.54245,463.45877,430.17,2024,10,25,4,hold
2024-10-25,AMT,222.74,-0.0141193615,0.014082452,51.301422,216.2577,216.70099,217.9,2024,10,25,4,sell
2024-10-25,AMTM,29.66,-0.01034366,0.07756122,75.71966,6.6545,23.610085,0.0,2024,10,25,4,sell
2024-10-25,AMZN,187.82,0.0077261636,0.013516256,66.5879,183.9404,181.4452,170.8,2024,10,25,4,sell
2024-10-25,ANET,394.09,-0.004068779,0.018558418,50.87343,354.1178,379.62286,314.31,2024,10,25,4,short
2024-10-25,ANSS,322.93,0.00485421,0.012965224,60.926403,319.9716,310.3803,305.04,2024,10,25,4,hold
2024-10-25,AON,375.64,0.0526552,0.014436086,80.56255,326.476,341.1644,332.05,2024,10,25,4,hold
2024-10-25,AOS,76.86,-0.0062063066,0.017036373,17.426414,82.61757,73.68857,76.86,2024,10,25,4,buy
2024-10-25,APA,24.81,0.005674884,0.026453223,32.767693,27.419567,23.7093,22.919514,2024,10,25,4,hold
2024-10-25,APD,317.9,-0.013039466,0.023049245,56.806877,279.6088,282.3635,267.11258,2024,10,25,4,short
2024-10-25,APH,69.4,-0.0057306807,0.015791157,75.48635,65.355705,61.00082,59.693916,2024,10,25,4,sell
2024-10-25,APTV,69.31,0.014639146,0.016859239,45.24589,70.6901,68.40131,65.38,2024,10,25,4,hold
2024-10-25,ARE,113.01,-0.028706457,0.014511865,48.84016,117.03948,111.547386,113.01,2024,10,25,4,short
2024-10-25,ATO,140.75,-0.013457617,0.0075208917,62.632843,128.28252,136.35338,128.41045,2024,10,25,4,sell
2024-10-25,AVB,226.3,-0.015102063,0.009960401,66.69347,213.34024,215.61061,213.58563,2024,10,25,4,sell
2024-10-25,AVGO,172.96,0.009395977,0.02092355,47.352654,162.87036,166.79178,136.55087,2024,10,25,4,sell
2024-10-25,AVY,207.1,0.010441058,0.0116617745,39.380806,216.88148,206.16281,204.96,2024,10,25,4,hold
2024-10-25,AWK,137.64,-0.015450669,0.013436289,51.802532,139.1612,134.65182,136.18,2024,10,25,4,buy
2024-10-25,AXON,444.65,0.0034527867,0.009889137,72.59104,351.921,399.46075,354.62,2024,10,25,4,hold
2024-10-25,AXP,267.31,-0.009889671,0.014600882,42.806393,249.63197,263.49808,243.42392,2024,10,25,4,short
2024-10-25,AZO,3134.12,-0.0060667195,0.0124546345,58.34214,3050.636,3035.1904,3020.66,2024,10,25,4,short
2024-10-25,BA,155.03,-0.0010953491,0.018954616,48.62842,169.8907,147.0167,146.62,2024,10,25,4,hold
2024-10-25,BAC,41.88,-0.018053938,0.014330888,65.686295,40.02646,38.444534,38.43939,2024,10,25,4,sell
2024-10-25,BALL,64.03,-0.0091303615,0.012565082,50.490185,63.951622,63.211777,62.19445,2024,10,25,4,short
2024-10-25,BAX,35.96,-0.020963803,0.01883592,51.612896,36.010567,35.332508,35.08,2024,10,25,4,buy
2024-10-25,BBY,92.67,-0.015405913,0.014183273,30.298388,90.3447,91.63496,83.93597,2024,10,25,4,buy
2024-10-25,BDX,238.12,-0.0020953817,0.008556014,51.45886,234.80936,235.26204,231.27,2024,10,25,4,short
2024-10-25,BEN,20.38,0.007414712,0.014457975,62.42236,21.147917,19.278996,18.844751,2024,10,25,4,hold
2024-10-25,BG,89.77,-0.004877535,0.017323898,21.88843,100.90642,87.39982,88.85,2024,10,25,4,short
2024-10-25,BIIB,181.71,-0.011693647,0.012750975,46.998177,208.1519,180.12857,181.71,2024,10,25,4,sell
2024-10-25,BK,75.2,-0.016993504,0.010867104,66.44171,65.790596,69.40469,64.840065,2024,10,25,4,sell
2024-10-25,BKNG,4346.37,0.0017609155,0.010274887,74.48477,3925.0588,4088.948,3610.4873,2024,10,25,4,buy
2024-10-25,BKR,37.54,0.020663463,0.016033877,46.302837,35.040184,35.850903,32.93,2024,10,25,4,hold
2024-10-25,BLDR,180.79,-0.0047892234,0.016298668,34.04316,167.0645,179.05617,161.13,2024,10,25,4,buy
2024-10-25,BLK,973.96,-0.010203229,0.012761182,63.092926,868.6973,922.89514,855.90497,2024,10,25,4,short
2024-10-25,BMY,51.9,-0.019274313,0.012308122,38.117306,46.622093,51.471737,47.09284,2024,10,25,4,buy
2024-10-25,BR,214.09,-0.012317763,0.0083796205,47.57671,208.24927,212.35725,206.72523,2024,10,25,4,sell
2024-10-25,BRO,103.98,-0.012347981,0.013191483,56.887585,99.04883,102.88882,100.7,2024,10,25,4,sell
2024-10-25,BSX,84.74,-0.0042303246,0.010060759,51.54059,79.8886,83.00282,78.25,2024,10,25,4,short
2024-10-25,BWA,33.595,0.004334842,0.012590162,33.333363,33.326,33.533333,31.56,2024,10,25,4,hold
2024-10-25,BX,167.55,-0.012436641,0.018471887,75.94047,139.45229,140.77191,132.98,2024,10,25,4,sell
2024-10-25,BXP,86.99,-0.0069634775,0.01250871,74.53287,71.35293,77.12827,69.14079,2024,10,25,4,sell
2024-10-25,C,61.75,-0.01984127,0.01961138,47.280876,61.691982,60.64019,57.3,2024,10,25,4,buy
2024-10-25,CAG,29.43,0.0027257213,0.020208012,56.846478,30.055523,27.861126,29.1,2024,10,25,4,hold
2024-10-25,CAH,110.87,-0.011501434,0.007267821,45.136627,104.86646,109.62691,108.321785,2024,10,25,4,short
2024-10-25,CARR,73.74,0.014165848,0.022273786,31.307493,70.39923,75.07756,67.204384,2024,10,25,4,sell
2024-10-25,CAT,386.0,-0.0027385873,0.0114003895,40.061646,349.68167,383.3223,328.18088,2024,10,25,4,short
2024-10-25,CB,288.03,-0.020172788,0.0154286735,63.17067,274.73532,277.2557,271.17215,2024,10,25,4,short
2024-10-25,CBOE,213.1,-0.008791104,0.010796544,65.59431,194.709,203.69463,202.6,2024,10,25,4,sell
2024-10-25,CBRE,132.56,-0.007041217,0.02153751,77.60762,108.255,116.42738,111.5,2024,10,25,4,sell
2024-10-25,CCI,108.89,-0.02296992,0.016217966,44.28501,107.47601,106.92492,108.05091,2024,10,25,4,short
2024-10-25,CCL,20.9,-0.00047825102,0.027128186,78.9579,17.4957,16.95236,15.32,2024,10,25,4,short
2024-10-25,CDNS,257.3,0.023957295,0.019640785,45.45752,279.78452,244.82246,247.52,2024,10,25,4,hold
2024-10-25,CDW,217.01,-0.009810226,0.012736209,43.745483,222.01848,215.19766,212.21,2024,10,25,4,short
2024-10-25,CE,128.85,-0.0071659167,0.016570525,37.258602,133.21172,128.47894,119.16,2024,10,25,4,buy
2024-10-25,CEG,264.37,-0.00049151183,0.025948806,39.76042,214.58505,255.66086,173.11,2024,10,25,4,short
2024-10-25,CF,83.19,-0.0003604756,0.012202223,27.846975,78.44808,82.00615,76.78,2024,10,25,4,buy
2024-10-25,CFG,41.52,-0.0052707526,0.015964415,52.50359,39.51415,39.61388,39.66,2024,10,25,4,short
2024-10-25,CHD,100.85,-0.01724814,0.010670929,58.073402,103.17352,98.89957,99.09,2024,10,25,4,sell
2024-10-25,CHRW,108.12,0.0130235115,0.011800718,55.691067,97.138,105.595375,98.5782,2024,10,25,4,hold
2024-10-25,CHTR,336.01,0.012017411,0.017403161,59.401707,325.7782,318.98172,314.49,2024,10,25,4,hold
2024-10-25,CI,316.74,-0.004713424,0.017731776,32.526375,341.1335,312.0772,316.74,2024,10,25,4,short
2024-10-25,CINF,141.27,0.021918394,0.013903957,77.21687,127.84767,132.57678,129.8885,2024,10,25,4,hold
2024-10-25,CL,95.61,-0.041407634,0.013221115,41.713684,99.92376,96.72795,95.61,2024,10,25,4,short
2024-10-25,CLX,156.74,-0.014089761,0.009009259,36.798885,147.7306,156.60698,145.4,2024,10,25,4,short
2024-10-25,CMCSA,41.68,0.0007202588,0.012413233,60.852688,39.347054,40.433018,38.382523,2024,10,25,4,hold
2024-10-25,CME,226.17,-0.015325022,0.008386544,63.26164,207.95847,219.38737,205.97015,2024,10,25,4,sell
2024-10-25,CMG,59.44,0.0,0.009890396,71.07309,57.495045,56.380444,51.94,2024,10,25,4,sell
2024-10-25,CMI,329.14,-0.010045705,0.008090235,46.09782,298.5219,323.9385,293.21,2024,10,25,4,buy
2024-10-25,CMS,70.76,-0.014072657,0.008128175,58.022736,65.44115,69.045784,66.45,2024,10,25,4,short
2024-10-25,CNC,64.2,0.04186949,0.028591882,33.72041,71.4627,57.9682,59.82,2024,10,25,4,hold
2024-10-25,CNP,29.31,-0.005766624,0.009382622,40.57144,28.696344,29.147722,25.79,2024,10,25,4,short
2024-10-25,COF,161.26,0.05219888,0.020304207,66.20013,143.336,144.53961,136.46,2024,10,25,4,sell
2024-10-25,COO,107.84,0.005032556,0.009966011,59.18686,98.2643,104.59891,93.66,2024,10,25,4,buy
2024-10-25,COP,104.52,0.0014371361,0.017339304,15.116234,109.62587,101.1738,102.31,2024,10,25,4,buy
2024-10-25,COR,234.52,-0.0027215485,0.010129742,80.4295,231.49884,214.14062,219.5,2024,10,25,4,hold
2024-10-25,COST,891.38,-0.0022833361,0.010041648,59.101616,868.6467,871.7002,870.59,2024,10,25,4,short
2024-10-25,CPAY,340.67,-0.009363462,0.013303852,57.451805,296.5476,311.56387,289.14,2024,10,25,4,sell
2024-10-25,CPB,47.085,0.0020216515,0.008816844,49.518696,47.340218,46.562843,46.96,2024,10,25,4,hold
2024-10-25,CPRT,51.71,0.006422694,0.013129601,44.12095,52.5875,50.39873,49.38,2024,10,25,4,hold
2024-10-25,CPT,118.26,-0.017365986,0.009814663,45.236458,116.00244,117.45927,118.07,2024,10,25,4,short
2024-10-25,CRL,182.11,-0.0033929576,0.014283366,38.30207,205.1559,181.76984,182.11,2024,10,25,4,buy
2024-10-25,CRM,290.435,0.012815552,0.013530438,57.169033,258.98804,274.46292,243.58759,2024,10,25,4,hold
2024-10-25,CRWD,300.61,-0.01267782,0.02226176,58.60675,302.92416,273.7878,246.39,2024,10,25,4,short
2024-10-25,CSCO,55.75,-0.0037526642,0.010980434,78.421104,48.99696,51.01664,48.132156,2024,10,25,4,sell
2024-10-25,CSGP,74.48,0.007712078,0.017700898,53.322075,75.66,72.086464,72.82,2024,10,25,4,hold
2024-10-25,CSX,33.28,0.005438076,0.019564006,47.30711,33.7391,32.753277,33.09,2024,10,25,4,hold
2024-10-25,CTAS,207.41,-0.008224555,0.010571465,56.18167,192.68019,202.00378,191.215,2024,10,25,4,short
2024-10-25,CTLT,59.06,-0.007394935,0.004136746,26.299654,58.8317,59.30614,59.06,2024,10,25,4,short
2024-10-25,CTRA,23.865,-0.0052105044,0.012644457,38.626587,24.913366,23.37297,22.62,2024,10,25,4,short
2024-10-25,CTSH,74.85,-0.00013361122,0.01177533,44.39024,73.41572,74.51062,74.5,2024,10,25,4,hold
2024-10-25,CTVA,60.36,-0.006910138,0.01206223,70.19499,54.913612,55.81035,53.440975,2024,10,25,4,sell
2024-10-25,CVS,56.48,0.0064148363,0.022310205,20.437883,58.683773,54.94002,55.49162,2024,10,25,4,buy
2024-10-25,CVX,150.81,0.0023928257,0.010855069,48.92137,149.41893,147.78102,137.88,2024,10,25,4,buy
2024-10-25,CZR,44.19,0.011444267,0.02192011,48.697903,38.7654,41.53305,36.0,2024,10,25,4,hold
2024-10-25,D,59.56,-0.019911125,0.015415266,62.23986,54.259884,55.12328,55.343307,2024,10,25,4,sell
2024-10-25,DAL,54.12,-0.011867839,0.023568438,69.2198,46.072098,46.65612,40.001953,2024,10,25,4,sell
2024-10-25,DAY,64.84,-0.0033815128,0.011573275,82.0433,55.8144,59.677162,54.19,2024,10,25,4,buy
2024-10-25,DD,83.28,-0.011278695,0.009623116,34.534847,81.6279,82.842926,78.89895,2024,10,25,4,short
2024-10-25,DE,408.02,-0.0074197054,0.010233729,51.964264,381.16855,399.67245,371.2797,2024,10,25,4,short
2024-10-25,DECK,168.17,0.10609054,0.03277764,60.96243,156.73936,150.94077,143.32666,2024,10,25,4,hold
2024-10-25,DELL,122.54,0.016339066,0.024104618,57.0758,120.68131,112.35689,101.63879,2024,10,25,4,hold
2024-10-25,DFS,148.9,0.040385682,0.020644432,59.090904,134.40529,135.92351,128.68,2024,10,25,4,sell
2024-10-25,DG,80.43,-0.011916476,0.015637806,33.762367,106.73989,79.355644,79.76,2024,10,25,4,buy
2024-10-25,DGX,155.04,-0.018672144,0.018333135,68.05674,147.2319,144.17819,146.9,2024,10,25,4,sell
2024-10-25,DHI,179.24,-0.018938104,0.017323613,42.173447,171.96172,177.66699,178.02,2024,10,25,4,buy
2024-10-25,DHR,245.39,-0.010524196,0.013918854,26.334936,263.6675,250.40646,245.39,2024,10,25,4,short
2024-10-25,DIS,95.03,-0.0038784354,0.012515453,62.54754,94.04811,91.91321,87.94,2024,10,25,4,short
2024-10-25,DLR,180.72,0.09441044,0.021596728,93.2264,153.35052,151.74744,147.09328,2024,10,25,4,hold
2024-10-25,DLTR,66.43,-0.0077669406,0.014558154,31.365263,89.7253,65.622925,63.56,2024,10,25,4,buy
2024-10-25,DOC,22.29,-0.030869525,0.0151102785,53.017246,21.20861,21.403124,21.48,2024,10,25,4,buy
2024-10-25,DOV,186.98,0.011906034,0.011822698,49.018204,183.04347,184.37468,175.05,2024,10,25,4,hold
2024-10-25,DOW,49.71,-0.025103012,0.010870868,15.568028,52.784355,50.38429,49.71,2024,10,25,4,buy
2024-10-25,DPZ,413.65,-0.0035171197,0.01594943,53.39787,446.13824,407.15274,402.0485,2024,10,25,4,buy
2024-10-25,DRI,159.93,-0.016239248,0.012751752,54.852413,151.61371,155.17883,142.09421,2024,10,25,4,short
2024-10-25,DTE,126.56,-0.024736123,0.009832944,54.645195,119.61567,123.6382,120.902885,2024,10,25,4,short
2024-10-25,DUK,117.22,-0.015123471,0.012963714,72.621346,110.08346,109.5809,110.23,2024,10,25,4,sell
2024-10-25,DVA,157.0,-0.02714094,0.015448549,49.05131,149.214,155.49861,147.58,2024,10,25,4,short
2024-10-25,DVN,39.19,-0.008099208,0.017135607,22.942972,43.54138,38.393654,37.87,2024,10,25,4,buy
2024-10-25,DXCM,73.44,-0.018837623,0.02011324,66.529495,85.4124,64.51388,65.68,2024,10,25,4,short
2024-10-25,EA,145.23,0.001379004,0.008738564,59.68412,143.50606,141.03497,139.55,2024,10,25,4,short
2024-10-25,EBAY,63.08,-0.008020103,0.010193938,23.9038,58.226982,62.810856,55.244286,2024,10,25,4,buy
2024-10-25,ECL,253.49,-0.011118011,0.008856795,57.341278,245.69048,249.0224,240.11823,2024,10,25,4,short
2024-10-25,ED,104.59,-0.0225234,0.011149806,62.56371,98.22066,100.61823,99.59,2024,10,25,4,sell
2024-10-25,EFX,269.88,-0.0069178864,0.0140195675,34.19087,274.71906,267.8601,269.88,2024,10,25,4,short
2024-10-25,EG,379.7,-0.019116491,0.024585836,56.69353,380.58276,372.45255,372.55,2024,10,25,4,buy
2024-10-25,EIX,83.89,-0.020205598,0.010001286,46.64924,79.79078,83.12553,82.655075,2024,10,25,4,buy
2024-10-25,EL,87.22,-0.01590879,0.012468973,22.229242,97.37825,85.47553,84.2,2024,10,25,4,buy
2024-10-25,ELV,424.95,0.014103674,0.028197771,28.199966,521.3929,398.4556,415.54,2024,10,25,4,hold
2024-10-25,EMN,105.42,-0.012181438,0.008475552,30.575176,101.10799,105.72535,96.406586,2024,10,25,4,short
2024-10-25,EMR,108.15,-0.001016078,0.011932879,33.802822,107.89384,107.59397,98.19,2024,10,25,4,buy
2024-10-25,ENPH,83.83,0.03366219,0.042603116,25.537462,110.0794,77.70662,78.47,2024,10,25,4,hold
2024-10-25,EOG,123.11,-0.010687896,0.014936202,17.484486,124.45923,121.327034,117.057594,2024,10,25,4,sell
2024-10-25,EPAM,191.47,0.0025657425,0.011829233,47.132065,196.0123,190.25865,190.98,2024,10,25,4,buy
2024-10-25,EQIX,914.6,0.021032382,0.009106202,71.90722,818.5899,859.21606,813.7,2024,10,25,4,hold
2024-10-25,EQR,74.66,-0.018406441,0.010026056,59.844322,71.10627,71.87926,70.78757,2024,10,25,4,short
2024-10-25,EQT,37.49,0.014339898,0.015179196,51.549774,35.329174,35.83416,31.91,2024,10,25,4,sell
2024-10-25,ERIE,443.78,-0.031682283,0.01783418,14.422228,447.6005,443.94894,443.78,2024,10,25,4,buy
2024-10-25,ES,65.86,-0.014366942,0.012041499,62.361107,63.16977,62.784405,63.39,2024,10,25,4,sell
2024-10-25,ESS,295.74,-0.019949693,0.01108425,59.119465,285.56146,284.0859,281.64807,2024,10,25,4,short
2024-10-25,ETN,344.44,-0.0024617165,0.010751708,62.528744,314.15594,324.92725,284.97,2024,10,25,4,buy
2024-10-25,ETR,135.36,-0.015348808,0.008139465,67.20681,118.51197,128.52437,117.6,2024,10,25,4,sell
2024-10-25,EVRG,60.76,-0.014276462,0.007831695,59.898457,57.455677,58.866356,57.85,2024,10,25,4,short
2024-10-25,EW,69.38,-0.01378822,0.018036297,68.168144,74.5609,64.0147,64.54,2024,10,25,4,sell
2024-10-25,EXC,40.07,-0.01572094,0.009252086,56.88309,37.57556,39.247955,37.54,2024,10,25,4,short
2024-10-25,EXPD,119.855,0.0022997283,0.01171227,49.90815,122.80375,115.96885,119.5,2024,10,25,4,buy
2024-10-25,EXPE,158.4,-0.012776585,0.015334736,63.909775,135.1404,142.98804,129.83,2024,10,25,4,sell
2024-10-25,EXR,166.4,-0.011171886,0.014699057,43.739555,165.62917,163.18031,164.8,2024,10,25,4,sell
2024-10-25,F,11.075,-0.014679712,0.013884507,68.11147,11.348133,10.29304,10.32,2024,10,25,4,sell
2024-10-25,FANG,184.39,0.01923606,0.022430958,29.112522,190.37134,172.00555,168.5,2024,10,25,4,buy
2024-10-25,FAST,75.86,0.008374282,0.022558607,74.867325,67.84738,67.16852,64.84384,2024,10,25,4,sell
2024-10-25,FCX,46.61,-0.0049103233,0.017261524,29.707617,46.31341,46.312473,39.8772,2024,10,25,4,short
2024-10-25,FDS,454.84,-0.0039200415,0.008764346,55.54831,428.48267,447.38528,406.974,2024,10,25,4,sell
2024-10-25,FDX,272.1,-0.0028218164,0.012054676,68.3544,279.63098,258.48547,254.64,2024,10,25,4,buy
2024-10-25,FE,43.4,-0.015649777,0.00872607,56.354958,41.582493,42.256947,42.33,2024,10,25,4,short
2024-10-25,FFIV,216.93,0.015732478,0.008225091,46.91942,194.1814,213.80688,195.57,2024,10,25,4,hold
2024-10-25,FI,199.6,-0.018151347,0.00884429,77.52266,167.4839,176.81595,167.32,2024,10,25,4,buy
2024-10-25,FICO,1997.94,0.0019507498,0.015290175,55.61571,1711.7769,1897.2272,1688.41,2024,10,25,4,buy
2024-10-25,FIS,89.72,-0.0067530232,0.007512331,78.46641,79.8764,81.88591,78.17691,2024,10,25,4,sell
2024-10-25,FITB,43.21,-0.019291926,0.013261063,57.40479,40.05446,41.0068,40.289818,2024,10,25,4,short
2024-10-25,FMC,62.01,0.008292655,0.012673654,44.165733,60.179256,59.682713,59.750904,2024,10,25,4,buy
2024-10-25,FOX,38.35,0.00026078042,0.0060850964,50.174187,35.617516,37.9506,36.04,2024,10,25,4,hold
2024-10-25,FOXA,41.7,-0.00023971043,0.0056164605,51.31582,38.4297,41.20983,38.91,2024,10,25,4,hold
2024-10-25,FRT,112.35,-0.013781599,0.009629045,58.434216,108.93328,109.4625,109.65,2024,10,25,4,sell
2024-10-25,FSLR,198.61,0.013109608,0.028089587,29.246426,229.9436,179.9526,192.41,2024,10,25,4,hold
2024-10-25,FTNT,80.35,-0.0033490977,0.01331386,62.402737,69.1007,75.679955,74.49,2024,10,25,4,short
2024-10-25,FTV,74.97,-0.00066642795,0.007811064,38.91625,73.73269,74.86401,69.504166,2024,10,25,4,short
2024-10-25,GD,302.48,0.004016404,0.008795199,60.893368,294.2004,293.18433,288.80807,2024,10,25,4,short
2024-10-25,GDDY,160.53,-0.0056983475,0.010661281,66.561905,151.9954,152.79659,149.66,2024,10,25,4,short
2024-10-25,GE,179.13,-0.0033937944,0.023299957,41.43895,171.1438,177.34453,160.99155,2024,10,25,4,buy
2024-10-25,GEHC,88.4,-0.005624297,0.010918145,39.92239,84.02753,88.155136,83.902275,2024,10,25,4,short
2024-10-25,GEN,26.975,-0.0016654358,0.010876304,44.976074,25.725863,26.51732,25.145,2024,10,25,4,short
2024-10-25,GEV,293.38,-0.012188536,0.019268809,78.61916,203.5468,245.9358,182.13,2024,10,25,4,sell
2024-10-25,GILD,89.01,0.0025907115,0.009282049,69.87847,75.949104,82.697136,73.09685,2024,10,25,4,hold
2024-10-25,GIS,68.3,-0.004518256,0.00746834,14.194014,68.459236,67.6218,68.3,2024,10,25,4,short
2024-10-25,GL,105.13,-0.03894325,0.019763673,54.385025,95.47365,102.16227,96.66822,2024,10,25,4,buy
2024-10-25,GLW,46.25,-0.011963285,0.015079983,63.682846,42.02729,43.895145,39.93117,2024,10,25,4,sell
2024-10-25,GM,52.0601,-0.012517083,0.026354477,74.59606,46.77392,42.586468,44.67,2024,10,25,4,short
2024-10-25,GNRC,164.37,-0.010117482,0.027345931,36.936676,150.1477,156.18456,139.61,2024,10,25,4,short
2024-10-25,GOOG,166.98,0.014890883,0.010380242,57.472572,170.23213,162.67459,149.54,2024,10,25,4,hold
2024-10-25,GOOGL,165.27,0.01567111,0.010257505,56.645393,168.73073,161.24649,148.66,2024,10,25,4,hold
2024-10-25,GPC,114.26,0.010167107,0.048013337,29.207619,137.50597,112.662094,113.11,2024,10,25,4,hold
2024-10-25,GPN,99.14,-0.0039184103,0.015533034,55.3804,101.52259,96.796196,97.06,2024,10,25,4,sell
2024-10-25,GRMN,162.37,0.0027172386,0.012594568,47.404343,169.16028,159.21118,161.58,2024,10,25,4,buy
2024-10-25,GS,512.67,-0.022554846,0.012344158,62.588924,485.40375,480.6501,467.13,2024,10,25,4,short
2024-10-25,GWW,1090.89,0.008020675,0.016141964,67.7112,976.3847,994.8521,938.48,2024,10,25,4,sell
2024-10-25,HAL,28.245,0.01418314,0.019251233,23.63301,31.43097,27.248657,27.81,2024,10,25,4,hold
2024-10-25,HAS,66.42,0.004841145,0.014825285,19.558659,64.87309,67.69449,65.18,2024,10,25,4,buy
2024-10-25,HBAN,15.37,-0.012210831,0.014573273,66.22221,14.009243,14.062073,13.752834,2024,10,25,4,sell
2024-10-25,HCA,363.55,-0.08861872,0.024597658,40.70701,366.7862,371.59598,363.55,2024,10,25,4,short
2024-10-25,HD,398.82,-0.009585739,0.009568079,40.501644,368.32877,398.08505,359.87418,2024,10,25,4,short
2024-10-25,HES,138.04,-0.0033213482,0.012639748,42.83887,139.95204,135.86555,125.80884,2024,10,25,4,buy
2024-10-25,HIG,112.29,-0.06782333,0.01851601,44.38642,109.58995,113.117386,110.01283,2024,10,25,4,buy
2024-10-25,HII,253.88,-0.0032194427,0.010224051,45.363495,259.73248,252.41498,252.85,2024,10,25,4,short
2024-10-25,HLT,236.14,0.0039538825,0.008596743,58.01761,219.08794,229.36673,210.65,2024,10,25,4,hold
2024-10-25,HOLX,80.86,-0.00061800826,0.009357134,56.90142,78.918,79.12505,79.22,2024,10,25,4,short
2024-10-25,HON,207.971,-0.005399393,0.015299082,56.573826,207.57977,198.54787,198.13,2024,10,25,4,short
2024-10-25,HPE,19.45,0.0025773786,0.015252431,23.985233,19.542788,19.31585,15.985629,2024,10,25,4,hold
2024-10-25,HPQ,36.87,0.010967855,0.015750002,58.955215,35.379948,34.881622,33.1,2024,10,25,4,hold
2024-10-25,HRL,31.06,-0.0009649626,0.009303632,51.34386,31.127325,30.446129,30.699265,2024,10,25,4,short
2024-10-25,HSIC,70.02,-0.012133192,0.011964287,54.56849,69.1701,69.181984,67.05,2024,10,25,4,short
2024-10-25,HST,17.58,-0.004530007,0.011547221,53.04879,17.351799,17.260223,16.268534,2024,10,25,4,short
2024-10-25,HSY,181.26,-0.005159179,0.008333743,25.059694,191.03719,179.43599,181.26,2024,10,25,4,buy
2024-10-25,HUBB,444.25,-0.013172492,0.012592965,53.964584,393.81354,421.5219,369.7759,2024,10,25,4,buy
2024-10-25,HUM,260.73,0.008314736,0.042088352,67.68452,336.14487,223.77374,236.29,2024,10,25,4,buy
2024-10-25,HWM,101.39,0.0076525207,0.012863712,45.813942,91.097466,99.2031,91.44,2024,10,25,4,hold
2024-10-25,IBM,214.58,-0.017445842,0.016693462,31.982754,197.21999,215.16093,193.78,2024,10,25,4,short
2024-10-25,ICE,165.33,-0.009406784,0.009260361,67.85938,152.62096,158.94775,156.10344,2024,10,25,4,sell
2024-10-25,IDXX,451.6,-0.0014813782,0.009764957,30.259901,484.9841,442.63077,451.6,2024,10,25,4,short
2024-10-25,IEX,202.74,-0.003636673,0.0073898765,36.42339,202.37228,203.15776,194.49406,2024,10,25,4,short
2024-10-25,IFF,101.445,-0.0098096365,0.010750996,52.912403,99.42842,99.89726,97.51073,2024,10,25,4,short
2024-10-25,INCY,65.07,-0.0026057353,0.011506202,43.40343,63.7767,64.37898,61.26,2024,10,25,4,short
2024-10-25,INTC,22.67,0.014771706,0.018420378,52.90582,25.437403,21.794735,18.89,2024,10,25,4,hold
2024-10-25,INTU,609.4,0.00897388,0.011586304,57.00831,626.45306,598.6044,601.42206,2024,10,25,4,sell
2024-10-25,INVH,33.6,-0.020979056,0.012771441,46.078423,35.09686,32.993256,33.19,2024,10,25,4,buy
2024-10-25,IP,48.57,-0.0014391384,0.013962554,56.451633,46.39068,46.35385,46.63,2024,10,25,4,hold
2024-10-25,IPG,29.78,-0.0036801172,0.0143898865,39.523827,30.405542,29.58889,29.78,2024,10,25,4,short
2024-10-25,IQV,214.74,0.014312024,0.019951057,37.302734,231.0349,216.59871,211.71,2024,10,25,4,hold
2024-10-25,IR,96.11,0.0018763713,0.013310521,36.45185,93.93557,95.76875,86.84,2024,10,25,4,hold
2024-10-25,IRM,127.73,0.013971597,0.010688419,79.46237,106.002914,115.1921,107.63851,2024,10,25,4,hold
2024-10-25,ISRG,511.569,-0.00011923585,0.025671883,70.10095,464.5011,459.16034,471.23,2024,10,25,4,short
2024-10-25,IT,513.36,-0.008861911,0.008580995,53.874687,481.4721,499.89874,477.39,2024,10,25,4,short
2024-10-25,ITW,254.11,-0.0055570705,0.006034621,44.16212,246.02834,253.81503,240.56519,2024,10,25,4,short
2024-10-25,IVZ,17.64,0.0011349914,0.01707588,50.324654,16.341839,17.109833,15.74,2024,10,25,4,hold
2024-10-25,J,140.52,-0.0066448976,0.011300057,60.020126,123.8886,131.72136,118.31217,2024,10,25,4,sell
2024-10-25,JBHT,174.89,-0.0052329116,0.016102547,66.63547,166.8993,161.70775,164.22,2024,10,25,4,short
2024-10-25,JBL,124.72,-0.0024793854,0.013056522,57.667942,112.63218,118.71748,101.04,2024,10,25,4,short
2024-10-25,JCI,76.73,-0.0016913512,0.008540738,57.866676,70.91951,75.41677,67.50776,2024,10,25,4,sell
2024-10-25,JKHY,182.47,-0.0114848865,0.009076784,59.28774,170.68097,177.80656,163.26991,2024,10,25,4,short
2024-10-25,JNJ,160.87,-0.017107613,0.008081237,54.140903,157.06056,158.41699,158.18932,2024,10,25,4,short
2024-10-25,JNPR,39.065,-0.002425976,0.0020796987,68.32286,37.75248,38.60005,38.34,2024,10,25,4,hold
2024-10-25,JPM,222.32,-0.011823222,0.014252223,71.89549,208.38379,202.0444,203.07556,2024,10,25,4,sell
2024-10-25,K,80.89,-0.0017277476,0.0013930076,60.464977,70.56965,80.35493,79.692474,2024,10,25,4,short
2024-10-25,KDP,34.58,-0.010303286,0.011989526,31.529348,35.042744,35.120274,34.58,2024,10,25,4,buy
2024-10-25,KEY,17.035,-0.011317452,0.013641928,55.532337,15.607608,16.172224,15.7,2024,10,25,4,sell
2024-10-25,KEYS,156.02,0.014764256,0.010815035,50.07991,144.073,152.9837,135.3,2024,10,25,4,hold
2024-10-25,KHC,34.75,-0.007993114,0.009472622,52.702705,34.088234,34.046806,34.17,2024,10,25,4,short
2024-10-25,KIM,23.55,-0.016701525,0.011484528,58.873226,21.670448,22.327599,22.060896,2024,10,25,4,short
2024-10-25,KKR,139.88,-0.023729717,0.015317008,67.244865,119.664215,127.68298,116.24,2024,10,25,4,sell
2024-10-25,KLAC,673.07,0.010372935,0.03681297,28.390657,779.5531,618.7474,664.63,2024,10,25,4,hold
2024-10-25,KMB,135.49,-0.011094001,0.01189178,35.617176,140.38666,135.52963,135.49,2024,10,25,4,sell
2024-10-25,KMI,24.95,-0.0016006005,0.01177402,73.37887,21.34464,22.259747,20.83,2024,10,25,4,short
2024-10-25,KMX,72.0,-0.007991207,0.014591065,48.713078,76.6157,69.44268,71.11,2024,10,25,4,short
2024-10-25,KO,66.92,-0.005646432,0.008404319,34.92061,67.477005,67.177345,66.92,2024,10,25,4,short
2024-10-25,KR,57.36,0.011818699,0.010731267,61.784504,53.480995,54.955475,51.5,2024,10,25,4,sell
2024-10-25,KVUE,22.64,-0.0143665625,0.015605174,59.00277,20.521336,20.962496,21.32,2024,10,25,4,sell
2024-10-25,L,79.56,-0.01886791,0.011971291,68.60608,78.102104,76.661285,76.49,2024,10,25,4,sell
2024-10-25,LDOS,168.7,-0.00053318526,0.008660025,56.95769,153.0762,163.55016,147.65497,2024,10,25,4,sell
2024-10-25,LEN,173.32,-0.014555365,0.018617112,40.31577,170.7045,171.28099,171.28607,2024,10,25,4,short
2024-10-25,LH,228.72,-0.005867806,0.015042346,79.05919,215.89716,208.41782,212.04,2024,10,25,4,buy
2024-10-25,LHX,252.68,0.034852743,0.012517902,68.9979,231.4726,238.45683,227.01,2024,10,25,4,hold
2024-10-25,LIN,473.82,-0.0013488685,0.0069299657,64.637535,456.10123,462.93408,455.48053,2024,10,25,4,short
2024-10-25,LKQ,37.55,-0.0031855307,0.011589135,38.71635,40.643215,37.280407,37.48,2024,10,25,4,short
2024-10-25,LLY,892.61,0.001447267,0.012721892,47.34718,896.3475,875.35925,877.79,2024,10,25,4,buy
2024-10-25,LMT,562.33,-0.0033321013,0.017617084,28.53028,534.74286,564.9911,550.6895,2024,10,25,4,short
2024-10-25,LNT,60.74,-0.018898372,0.010533123,58.90587,56.275745,58.76329,57.37,2024,10,25,4,short
2024-10-25,LOW,267.61,-0.013819281,0.011285152,48.919834,244.6376,264.1546,240.31,2024,10,25,4,short
2024-10-25,LRCX,77.68,0.014496547,0.031011747,44.061615,87.69945,70.13665,72.84,2024,10,25,4,hold
2024-10-25,LULU,304.2,0.017425407,0.021676993,72.58616,276.4664,255.66881,247.18,2024,10,25,4,sell
2024-10-25,LUV,29.425,0.01395585,0.019767407,37.353146,28.206095,29.184788,26.169777,2024,10,25,4,sell
2024-10-25,LVS,52.75,0.005336359,0.019941442,47.151268,43.53104,50.352093,38.64,2024,10,25,4,hold
2024-10-25,LW,76.92,-0.0059446767,0.026216812,73.77858,70.27603,63.232327,60.93,2024,10,25,4,short
2024-10-25,LYB,87.48,-0.011413657,0.008287221,6.2016034,94.434395,87.20611,87.48,2024,10,25,4,short
2024-10-25,LYV,116.34,-0.0009446167,0.009452408,75.00005,98.9275,108.613106,92.78,2024,10,25,4,sell
2024-10-25,MA,507.31,-0.006482311,0.006555108,70.508835,469.15903,486.7117,465.82065,2024,10,25,4,short
2024-10-25,MAA,153.33,-0.01755626,0.0086227795,53.878628,148.84668,149.91399,150.75217,2024,10,25,4,short
2024-10-25,MAR,262.21,0.006062182,0.011545462,61.57633,238.62642,246.23282,220.56,2024,10,25,4,hold
2024-10-25,MAS,81.22,-0.02002891,0.010347321,42.806076,75.808914,81.10433,76.07,2024,10,25,4,short
2024-10-25,MCD,292.5001,-0.030107751,0.014565381,41.046593,277.18665,293.24643,276.8788,2024,10,25,4,short
2024-10-25,MCHP,76.29,0.0056683403,0.016798219,49.416073,82.78311,74.29478,74.09,2024,10,25,4,hold
2024-10-25,MCK,507.71,0.005445976,0.010492274,73.97288,552.1745,481.81894,479.06,2024,10,25,4,sell
2024-10-25,MCO,462.38,-0.009765703,0.013384178,53.265263,456.67825,454.3623,457.52,2024,10,25,4,buy
2024-10-25,MDLZ,69.21,-0.010578955,0.008925655,38.656532,69.44279,69.23579,69.21,2024,10,25,4,short
2024-10-25,MDT,90.6,-0.004286179,0.0105156675,67.69383,84.055824,86.91174,83.93795,2024,10,25,4,short
2024-10-25,MET,82.39,-0.023352314,0.012043673,46.561443,75.47207,81.09322,72.72,2024,10,25,4,buy
2024-10-25,META,573.25,0.009633961,0.012981389,42.2126,524.9052,563.0355,499.79318,2024,10,25,4,buy
2024-10-25,MGM,40.365,0.006608559,0.0176672,45.351067,39.95385,38.735775,34.87,2024,10,25,4,hold
2024-10-25,MHK,130.88,-0.13821025,0.03376831,22.808605,140.9075,142.84018,130.88,2024,10,25,4,short
2024-10-25,MKC,77.87,-0.011425593,0.011741777,41.291855,76.39717,77.41172,76.77787,2024,10,25,4,short
2024-10-25,MKTX,286.51,-0.013021457,0.017852252,68.387665,236.58434,255.0254,230.45,2024,10,25,4,short
2024-10-25,MLM,569.97,-0.0011917177,0.013074732,77.656784,543.407,505.4106,502.48,2024,10,25,4,short
2024-10-25,MMC,221.29,-0.0053488063,0.008776447,52.752445,219.53452,218.93306,219.78,2024,10,25,4,short
2024-10-25,MMM,124.75,-0.013600073,0.009774774,19.541573,120.618225,126.946625,124.75,2024,10,25,4,buy
2024-10-25,MNST,53.37,-0.0013098746,0.012776123,85.78851,50.0994,48.82059,46.48,2024,10,25,4,sell
2024-10-25,MO,49.72,-0.0044052345,0.007910377,47.916695,48.898945,49.070744,49.06,2024,10,25,4,short
2024-10-25,MOH,325.54,0.006026182,0.052129157,50.088867,323.7401,276.63876,275.0,2024,10,25,4,sell
2024-10-25,MOS,26.97,0.009734191,0.018377714,63.113014,27.293049,25.281532,24.54,2024,10,25,4,sell
2024-10-25,MPC,152.42,-0.0030089398,0.024879811,20.88801,167.88095,148.84126,152.42,2024,10,25,4,buy
2024-10-25,MPWR,901.28,0.0013888426,0.01989029,41.809967,861.61774,873.1811,805.2204,2024,10,25,4,hold
2024-10-25,MRK,103.97,-0.018039253,0.011044381,32.31242,118.23082,104.073044,103.97,2024,10,25,4,short
2024-10-25,MRNA,53.09,0.005492442,0.020089839,22.85438,93.29745,49.86101,52.8,2024,10,25,4,buy
2024-10-25,MRO,26.46,0.0022727072,0.017430391,17.042606,27.642258,25.583916,25.87,2024,10,25,4,buy
2024-10-25,MS,116.87,-0.019300122,0.018459203,71.02508,101.925865,100.05892,96.59,2024,10,25,4,sell
2024-10-25,MSCI,588.94,-0.0022193943,0.011230731,53.26582,542.56836,576.6314,551.41,2024,10,25,4,hold
2024-10-25,MSFT,428.32,0.00845242,0.00942979,77.71544,427.75388,408.99606,401.7,2024,10,25,4,hold
2024-10-25,MSI,462.33,-0.006553823,0.008231387,62.792053,419.02652,442.13177,420.43106,2024,10,25,4,short
2024-10-25,MTB,192.57,-0.009922842,0.018480401,74.33955,165.40471,167.42188,160.98726,2024,10,25,4,sell
2024-10-25,MTCH,37.21,-0.0053461846,0.013144891,47.355377,34.8254,36.69962,34.99,2024,10,25,4,sell
2024-10-25,MTD,1293.16,-0.0001700743,0.013574519,11.025082,1412.3021,1285.4686,1293.16,2024,10,25,4,buy
2024-10-25,MU,107.92,0.010014036,0.023514928,58.50016,110.46957,98.23723,86.17297,2024,10,25,4,hold
2024-10-25,NCLH,23.155,-0.0027992518,0.03176981,73.7413,18.91665,18.873674,15.92,2024,10,25,4,buy
2024-10-25,NDAQ,74.7,-0.007177046,0.00942669,72.24156,67.53761,70.83292,69.59906,2024,10,25,4,sell
2024-10-25,NDSN,247.88,-0.0040579955,0.008116909,38.88639,243.44615,246.5162,238.74371,2024,10,25,4,short
2024-10-25,NEE,81.425,-0.016724966,0.014534247,55.1474,77.94551,79.76726,78.06439,2024,10,25,4,short
2024-10-25,NEM,48.41,-0.017055841,0.035012595,36.21002,49.046364,49.02547,48.41,2024,10,25,4,short
2024-10-25,NFLX,754.869,0.0004228093,0.027866228,64.40485,679.2794,676.47723,665.77,2024,10,25,4,buy
2024-10-25,NI,34.83,-0.012195023,0.008701061,61.408497,31.746723,33.680008,31.9,2024,10,25,4,short
2024-10-25,NKE,78.84,-0.0025304223,0.017850034,40.17768,81.54635,77.31944,78.09,2024,10,25,4,short
2024-10-25,NOC,519.36,-0.008249327,0.010533577,37.35502,486.4906,516.3794,502.8822,2024,10,25,4,buy
2024-10-25,NOW,952.08,-0.004704259,0.018140944,65.32891,825.3366,871.9623,814.11,2024,10,25,4,short
2024-10-25,NRG,87.52,-0.019713286,0.02270105,36.40015,81.38568,83.82656,76.51,2024,10,25,4,buy
2024-10-25,NSC,251.1,-0.009154731,0.016659837,57.28755,237.92975,240.575,237.1,2024,10,25,4,short
2024-10-25,NTAP,119.4,-0.003671519,0.015843004,38.47737,124.238754,118.11949,113.696144,2024,10,25,4,sell
2024-10-25,NTRS,100.17,-0.025488887,0.018747507,77.49586,87.38472,85.02842,85.35995,2024,10,25,4,sell
2024-10-25,NUE,141.53,0.0013442935,0.020197406,34.459846,151.04515,140.95142,137.27599,2024,10,25,4,buy
2024-10-25,NVDA,141.47,0.007549302,0.02394071,69.37164,122.30429,116.534935,102.821205,2024,10,25,4,hold
2024-10-25,NVR,9352.22,-0.011016947,0.013909975,47.897934,8707.717,9276.6,8668.93,2024,10,25,4,buy
2024-10-25,NWS,27.76,0.0021660456,0.009141821,56.63084,28.001411,27.106028,27.03,2024,10,25,4,hold
2024-10-25,NWSA,25.995,0.0017341069,0.00890504,50.09313,26.939863,25.66574,25.68,2024,10,25,4,hold
2024-10-25,NXPI,243.145,0.01708779,0.016947728,60.77968,250.51648,228.12587,224.20094,2024,10,25,4,hold
2024-10-25,O,61.32,-0.03143266,0.01146682,48.07057,58.55599,60.643105,59.54681,2024,10,25,4,buy
2024-10-25,ODFL,197.82,0.03133314,0.018811101,60.533524,191.131,186.92418,184.82,2024,10,25,4,hold
2024-10-25,OKE,96.67,-0.007698625,0.010818524,57.033062,87.05928,91.822296,86.59,2024,10,25,4,short
2024-10-25,OMC,100.53,0.0006967917,0.009373867,48.607586,95.77283,99.3351,95.62141,2024,10,25,4,hold
2024-10-25,ON,71.23,0.016409839,0.019838752,50.449894,71.9646,66.767456,66.54,2024,10,25,4,hold
2024-10-25,ORCL,173.55,-0.0047597303,0.012206058,58.64871,148.31822,166.30055,137.16159,2024,10,25,4,sell
2024-10-25,ORLY,1195.985,-0.0031547998,0.008214219,67.34921,1105.1307,1136.819,1109.05,2024,10,25,4,sell
2024-10-25,OTIS,101.24,-0.012196312,0.011222068,40.19746,97.033676,101.186455,91.43,2024,10,25,4,short
2024-10-25,OXY,51.58,0.0044791307,0.017591573,24.13382,56.839375,49.817265,49.91,2024,10,25,4,buy
2024-10-25,PANW,366.36,0.0048823273,0.020582713,69.22348,337.8327,325.96423,329.29,2024,10,25,4,hold
2024-10-25,PARA,10.275,-0.00242724,0.009774687,38.048756,10.7125845,10.202208,9.932791,2024,10,25,4,short
2024-10-25,PAYC,164.65,-0.0032086137,0.011559143,52.365776,157.97676,161.22493,154.91,2024,10,25,4,buy
2024-10-25,PAYX,140.33,-0.009528451,0.013252572,64.32109,128.3917,136.10281,125.2,2024,10,25,4,sell
2024-10-25,PCAR,105.9,0.010110695,0.016938535,57.3812,100.4449,97.33863,92.57,2024,10,25,4,hold
2024-10-25,PCG,20.355,-0.015715703,0.010516533,65.10541,18.828627,19.23918,18.400711,2024,10,25,4,sell
2024-10-25,PEG,89.65,-0.009282754,0.011956674,48.65744,80.28866,87.823845,79.340004,2024,10,25,4,short
2024-10-25,PEP,171.79,-0.0021492238,0.0074551036,65.947014,170.27965,166.9634,167.21,2024,10,25,4,sell
2024-10-25,PFE,28.45,-0.0066340305,0.013038121,40.60151,28.800558,28.14315,28.3,2024,10,25,4,sell
2024-10-25,PFG,83.69,-0.06648075,0.018773621,42.87771,81.39604,83.15829,76.49514,2024,10,25,4,buy
2024-10-25,PG,168.24,-0.008135772,0.0065893815,58.90152,168.20393,166.2126,166.14316,2024,10,25,4,short
2024-10-25,PGR,243.78,-0.012516695,0.012190048,46.707027,231.88354,244.40128,235.7873,2024,10,25,4,short
2024-10-25,PH,621.66,-0.003973534,0.0062418645,41.906242,570.11835,620.49835,571.31,2024,10,25,4,short
2024-10-25,PHM,132.48,-0.024734987,0.02244635,40.408497,127.098724,131.70583,122.41495,2024,10,25,4,buy
2024-10-25,PKG,225.78,-0.0076040425,0.013593277,71.953384,199.24265,208.8884,195.43127,2024,10,25,4,sell
2024-10-25,PLD,117.55,-0.023589969,0.018464217,45.279392,120.55267,115.91443,117.55,2024,10,25,4,buy
2024-10-25,PLTR,44.86,0.029843874,0.024117136,78.72955,31.685,36.654,30.16,2024,10,25,4,sell
2024-10-25,PM,129.86,-0.022138571,0.024447223,74.150856,113.84601,112.4891,116.750275,2024,10,25,4,sell
2024-10-25,PNC,185.83,-0.016460255,0.01302745,60.065495,171.78375,175.58366,171.56088,2024,10,25,4,sell
2024-10-25,PNR,98.96,-0.0043263943,0.008557262,68.93833,86.31974,94.505066,83.96505,2024,10,25,4,hold
2024-10-25,PNW,88.21,-0.015623273,0.009643141,56.1247,83.93076,85.050026,85.52,2024,10,25,4,short
2024-10-25,PODD,233.67,-0.01666459,0.01117715,60.567932,209.4292,226.84587,180.69,2024,10,25,4,sell
2024-10-25,POOL,366.14,-0.029655665,0.021887755,51.86159,347.25412,351.8541,340.0,2024,10,25,4,buy
2024-10-25,PPG,126.46,-0.0061301384,0.009471631,40.948612,126.69315,125.16651,122.4,2024,10,25,4,sell
2024-10-25,PPL,32.435,-0.013233878,0.009747066,57.328156,30.365147,31.47803,30.9221,2024,10,25,4,short
2024-10-25,PRU,123.47,-0.015076575,0.012177929,61.49733,118.26085,117.703285,113.25,2024,10,25,4,sell
2024-10-25,PSA,336.33,-0.0061464407,0.01308725,37.12158,319.54352,329.74963,316.74173,2024,10,25,4,short
2024-10-25,PSX,128.17,-0.002490523,0.016344989,27.1763,134.68195,126.97043,125.0,2024,10,25,4,buy
2024-10-25,PTC,187.03,0.01851546,0.01206262,73.73292,176.9208,175.20863,164.76,2024,10,25,4,hold
2024-10-25,PWR,308.32,-0.005002058,0.0112646315,51.00821,273.85962,295.8667,247.84517,2024,10,25,4,short
2024-10-25,PYPL,81.71,0.003931683,0.014378505,56.066933,68.50545,77.10957,67.96,2024,10,25,4,hold
2024-10-25,QCOM,170.25,0.012789969,0.019167127,54.229492,180.32689,164.04376,158.19,2024,10,25,4,hold
2024-10-25,QRVO,98.97,-0.00562642,0.014191984,44.649734,109.8887,98.44378,98.97,2024,10,25,4,buy
2024-10-25,RCL,200.91,-0.010539273,0.019047199,80.30999,166.33553,168.95201,156.185,2024,10,25,4,sell
2024-10-25,REG,71.01,-0.01374997,0.009461549,53.50466,67.844574,69.70575,69.141945,2024,10,25,4,short
2024-10-25,REGN,932.55,0.0039293393,0.0111432625,27.472673,1077.282,927.8146,928.9,2024,10,25,4,buy
2024-10-25,RF,23.49,-0.011363655,0.012498624,64.65518,21.491026,22.284718,21.270494,2024,10,25,4,sell
2024-10-25,RJF,144.86,-0.017231977,0.01988957,79.30827,119.83167,116.93804,114.77667,2024,10,25,4,sell
2024-10-25,RL,197.54,-0.0020208606,0.01301991,52.93422,178.78755,189.63712,162.59833,2024,10,25,4,sell
2024-10-25,RMD,256.06,0.071156636,0.018877417,85.15228,222.90923,230.12932,223.15,2024,10,25,4,hold
2024-10-25,ROK,269.82,0.007994675,0.008393771,54.316086,264.8477,263.18112,255.68,2024,10,25,4,hold
2024-10-25,ROL,46.56,0.0017212098,0.01749203,37.840916,49.166286,47.237316,46.48,2024,10,25,4,sell
2024-10-25,ROP,541.93,-0.00031356377,0.009730575,53.917576,550.04663,534.5812,537.12,2024,10,25,4,short
2024-10-25,ROST,144.269,-0.0007688578,0.012959122,61.391483,146.71407,139.64609,140.12,2024,10,25,4,short
2024-10-25,RSG,199.86,-0.008286598,0.007959522,53.409714,199.19682,198.21625,198.60603,2024,10,25,4,short
2024-10-25,RTX,125.16,-7.9847465e-05,0.009179214,50.49774,114.23982,122.03364,117.26,2024,10,25,4,hold
2024-10-25,RVTY,116.345,0.0017651268,0.012223296,31.083923,116.57056,115.36125,115.34214,2024,10,25,4,buy
2024-10-25,SBAC,241.73,-0.017637305,0.0144766895,55.06041,220.28636,231.69916,217.19505,2024,10,25,4,short
2024-10-25,SBUX,97.324,0.0017910033,0.0089441845,56.4044,86.55099,94.160355,91.15,2024,10,25,4,hold
2024-10-25,SCHW,71.82,-0.010607476,0.016631674,82.48495,67.41227,61.189247,61.74,2024,10,25,4,sell
2024-10-25,SHW,358.91,-0.007411689,0.014563069,42.582375,345.30243,356.69302,354.4,2024,10,25,4,short
2024-10-25,SJM,116.07,-0.008287775,0.010136976,49.56727,116.269424,114.61258,113.79,2024,10,25,4,short
2024-10-25,SLB,41.73,0.011636352,0.020801287,29.895844,44.2575,40.76356,39.57,2024,10,25,4,hold
2024-10-25,SMCI,47.28,0.022712508,0.04286646,48.42895,61.9017,40.310497,38.646,2024,10,25,4,sell
2024-10-25,SNA,326.76,0.0034086162,0.0227947,87.049805,278.29987,266.98083,270.84,2024,10,25,4,hold
2024-10-25,SNPS,501.635,0.012892499,0.019906348,52.76744,541.07904,477.145,463.97,2024,10,25,4,hold
2024-10-25,SO,91.86,-0.018694583,0.009645211,63.969917,84.98157,87.541595,85.74,2024,10,25,4,short
2024-10-25,SOLV,73.22,0.00027328244,0.01667831,80.262,60.9606,64.95159,59.4,2024,10,25,4,sell
2024-10-25,SPG,170.5,-0.016724302,0.009985108,56.874435,158.1218,165.30466,154.7472,2024,10,25,4,short
2024-10-25,SPGI,490.72,-0.00504854,0.012950226,40.790688,488.7639,495.28076,489.9802,2024,10,25,4,buy
2024-10-25,SRE,84.39,-0.01608951,0.00968922,66.035614,79.415215,80.47326,79.39248,2024,10,25,4,sell
2024-10-25,STE,224.12,-0.013730022,0.011991385,45.65812,230.04793,217.78447,221.15,2024,10,25,4,sell
2024-10-25,STLD,129.6,-0.0056773843,0.017218873,49.2122,123.29143,124.67169,107.705284,2024,10,25,4,buy
2024-10-25,STT,90.37,-0.016327418,0.009911363,62.144066,81.51067,85.22152,79.72916,2024,10,25,4,short
2024-10-25,STX,102.96,-0.00980962,0.020777348,42.165104,102.915344,102.90443,96.133194,2024,10,25,4,buy
2024-10-25,STZ,239.38,-0.005525328,0.013531448,42.205322,248.06934,232.41125,237.97,2024,10,25,4,buy
2024-10-25,SW,45.83,-0.0006541382,0.019185822,46.797523,35.888783,42.9447,42.91,2024,10,25,4,hold
2024-10-25,SWK,101.98,-0.008844359,0.009163743,31.822016,95.375595,102.21563,96.18326,2024,10,25,4,short
2024-10-25,SWKS,95.21,0.0013672408,0.013118025,49.000008,103.24961,94.20528,94.94,2024,10,25,4,short
2024-10-25,SYF,55.14,-0.0021715334,0.019441212,68.57442,48.462925,48.0043,45.84,2024,10,25,4,short
2024-10-25,SYK,352.88,-0.019505387,0.011139311,58.251606,346.60077,345.34985,337.1397,2024,10,25,4,buy
2024-10-25,SYY,73.91,-0.006318817,0.007125552,43.57365,74.19401,73.25615,73.643394,2024,10,25,4,sell
2024-10-25,T,21.83,-0.016666705,0.013666948,54.753468,19.690058,21.107204,19.094833,2024,10,25,4,short
2024-10-25,TAP,55.78,-0.0057040947,0.012834707,57.4,53.188343,53.656807,52.83312,2024,10,25,4,sell
2024-10-25,TDG,1355.69,0.0075283768,0.012949481,49.802166,1261.1818,1329.2684,1212.4268,2024,10,25,4,hold
2024-10-25,TDY,469.18,-0.007782415,0.0150525635,73.17594,416.9197,427.43475,415.45,2024,10,25,4,buy
2024-10-25,TECH,68.69,0.004680411,0.0154400915,27.65958,74.651184,66.74283,68.37,2024,10,25,4,buy
2024-10-25,TEL,149.11,0.015251621,0.011326861,61.011192,148.82278,143.69952,143.38,2024,10,25,4,hold
2024-10-25,TER,111.78,0.009573678,0.02860491,22.13141,135.15417,115.11171,110.72,2024,10,25,4,buy
2024-10-25,TFC,42.63,-0.018194314,0.016196087,53.855583,41.17905,41.211166,41.49,2024,10,25,4,short
2024-10-25,TFX,233.66,-0.008318443,0.0107398,51.486824,229.44626,229.5944,232.96,2024,10,25,4,short
2024-10-25,TGT,151.17,0.0065921266,0.016656386,53.577312,148.67262,145.84323,142.92224,2024,10,25,4,hold
2024-10-25,TJX,113.825,-0.0032837128,0.009678783,56.92118,113.61787,111.78901,111.45,2024,10,25,4,sell
2024-10-25,TMO,554.33,-0.0054720077,0.011214828,25.919538,587.9045,562.4727,554.33,2024,10,25,4,buy
2024-10-25,TMUS,226.37,-0.03078439,0.01577714,71.425156,193.40472,200.45872,193.0,2024,10,25,4,short
2024-10-25,TPR,50.505,0.13570946,0.032807056,70.12933,42.019314,42.63125,39.830067,2024,10,25,4,hold
2024-10-25,TRGP,165.93,-0.015661236,0.013793898,64.03287,141.43172,149.72722,141.6,2024,10,25,4,sell
2024-10-25,TRMB,60.93,0.0061096256,0.013527626,46.15386,56.8715,59.913345,54.15,2024,10,25,4,hold
2024-10-25,TROW,111.33,-0.006070889,0.01413503,62.526665,109.958755,104.330246,100.4876,2024,10,25,4,sell
2024-10-25,TRV,250.49,-0.023126151,0.024627587,72.5202,222.27864,218.14928,215.62685,2024,10,25,4,short
2024-10-25,TSCO,272.77,-0.005541651,0.018931706,32.07547,274.399,278.0302,262.3236,2024,10,25,4,buy
2024-10-25,TSLA,269.1101,0.03313151,0.056422643,64.57135,221.6867,200.55658,205.75,2024,10,25,4,sell
2024-10-25,TSN,58.68,-0.0059291627,0.009018708,54.302116,59.524513,57.636856,57.96,2024,10,25,4,short
2024-10-25,TT,392.69,0.0003056655,0.011079973,51.917465,352.72287,383.5746,340.46393,2024,10,25,4,buy
2024-10-25,TTWO,161.74,0.0029766278,0.011278387,87.25564,153.6406,147.50125,147.66,2024,10,25,4,hold
2024-10-25,TXN,206.98,0.00179079,0.017600538,56.776634,199.70096,194.62894,193.97,2024,10,25,4,hold
2024-10-25,TXT,82.36,0.01067619,0.018490411,40.172424,87.60946,82.55431,81.49,2024,10,25,4,hold
2024-10-25,TYL,605.55,-0.0100053875,0.014303271,63.45072,554.5124,571.81573,571.68,2024,10,25,4,short
2024-10-25,UAL,74.635,0.0016776271,0.031951845,90.681755,50.66845,49.897717,41.33,2024,10,25,4,sell
2024-10-25,UBER,77.61,-0.009823892,0.028302236,56.542473,71.9208,70.73003,68.09,2024,10,25,4,short
2024-10-25,UDR,43.86,-0.014603409,0.009662482,50.67525,42.239418,43.310165,41.308395,2024,10,25,4,short
2024-10-25,UHS,202.82,-0.09721355,0.030147314,42.571903,212.14565,202.75826,202.82,2024,10,25,4,buy
2024-10-25,ULTA,373.37,0.016858224,0.016659016,53.738308,376.0404,356.79617,352.84,2024,10,25,4,hold
2024-10-25,UNH,564.39,0.006383654,0.02093927,41.661602,554.24646,551.3005,556.29,2024,10,25,4,hold
2024-10-25,UNP,230.29,-0.0019935286,0.013690427,40.86111,238.4447,231.35818,230.29,2024,10,25,4,short
2024-10-25,UPS,137.465,-0.00639689,0.016952762,65.284225,131.74992,128.95802,126.84,2024,10,25,4,buy
2024-10-25,URI,812.42,-0.015236557,0.013141399,53.561142,723.12537,780.62744,681.1,2024,10,25,4,short
2024-10-25,USB,47.74,-0.014654264,0.018022109,66.465256,43.159187,42.62156,42.715176,2024,10,25,4,sell
2024-10-25,V,281.66,-0.005508077,0.009679434,63.773205,272.59277,270.4018,266.47,2024,10,25,4,buy
2024-10-25,VICI,32.09,-0.021944566,0.008831106,44.625446,30.938314,31.998648,31.18423,2024,10,25,4,short
2024-10-25,VLO,132.4,0.007917123,0.024014952,31.677225,144.64119,129.77217,131.36,2024,10,25,4,hold
2024-10-25,VLTO,104.06,-0.016353184,0.013462591,27.573065,105.65168,106.58362,104.06,2024,10,25,4,short
2024-10-25,VMC,256.51,0.0014445034,0.012419519,76.56701,248.457,234.14374,231.83,2024,10,25,4,sell
2024-10-25,VRSK,264.7,-0.0010189419,0.01179268,47.92366,269.29446,262.87982,264.25,2024,10,25,4,short
2024-10-25,VRSN,181.28,-0.020743283,0.009473361,39.56787,181.4048,183.02357,178.83,2024,10,25,4,short
2024-10-25,VRTX,477.69,0.012248095,0.014698637,66.62474,478.2531,447.05276,448.6,2024,10,25,4,hold
2024-10-25,VST,124.05,-0.012183459,0.035908915,42.516586,93.45232,118.29928,73.52516,2024,10,25,4,short
2024-10-25,VTR,64.94,-0.015463867,0.011038232,62.236286,57.622787,61.340725,58.000137,2024,10,25,4,sell
2024-10-25,VTRS,11.45,-0.0026132173,0.012576299,54.347816,11.279952,11.204973,11.13,2024,10,25,4,short
2024-10-25,VZ,41.38,-0.011466783,0.015611905,37.661064,41.15628,41.55398,39.985798,2024,10,25,4,buy
2024-10-25,WAB,188.68,-0.002115555,0.008505472,68.59223,167.82205,178.6528,159.31,2024,10,25,4,sell
2024-10-25,WAT,324.7,-0.007943708,0.0117079085,29.5425,324.8514,328.36856,322.08,2024,10,25,4,buy
2024-10-25,WBA,9.26,-0.008565302,0.047146518,53.876743,10.836898,7.87863,8.25,2024,10,25,4,short
2024-10-25,WBD,7.59,0.009308534,0.02057744,46.19884,7.7465,7.2546754,6.94,2024,10,25,4,hold
2024-10-25,WDC,69.455,0.047270842,0.016769568,62.361614,68.538246,64.21052,60.77,2024,10,25,4,sell
2024-10-25,WEC,97.17,-0.016597504,0.009137021,63.937443,88.20818,92.98872,89.53,2024,10,25,4,short
2024-10-25,WELL,130.19,-0.014010837,0.010091555,67.10985,116.29997,122.30771,115.54,2024,10,25,4,short
2024-10-25,WFC,64.52,-0.013908049,0.01668865,85.38458,57.404346,52.755455,51.57,2024,10,25,4,sell
2024-10-25,WM,206.8,-0.010100046,0.008234818,53.687008,208.08847,205.17043,201.88,2024,10,25,4,short
2024-10-25,WMB,52.51,-0.0020904716,0.010938539,74.35454,44.510677,46.091816,43.665115,2024,10,25,4,sell
2024-10-25,WMT,82.51,-0.0063824514,0.009949482,68.88153,73.74451,78.79104,73.45,2024,10,25,4,sell
2024-10-25,WRB,58.17,-0.019221095,0.016858371,58.35805,55.81846,55.853184,56.39,2024,10,25,4,short
2024-10-25,WST,307.92,-0.068743326,0.039990086,58.923107,307.49084,274.32886,286.4,2024,10,25,4,short
2024-10-25,WTW,290.41,-0.00041302142,0.011472351,54.474884,277.69537,286.15765,279.57785,2024,10,25,4,buy
2024-10-25,WY,31.785,-0.010737666,0.012681612,40.465557,30.693594,31.56532,29.713804,2024,10,25,4,short
2024-10-25,WYNN,97.98,0.00081717904,0.025392082,29.608149,85.90649,94.823746,75.3,2024,10,25,4,buy
2024-10-25,XEL,64.46,-0.009983129,0.009219271,60.0,58.887077,61.822853,59.40605,2024,10,25,4,short
2024-10-25,XOM,119.51,-0.0006689038,0.013492374,25.460638,115.6405,117.30318,109.72,2024,10,25,4,buy
2024-10-25,XYL,130.41,-0.0018368943,0.009296871,39.056873,134.41891,129.94153,126.71,2024,10,25,4,sell
2024-10-25,YUM,133.04,-0.0009012494,0.006857512,34.395523,133.44423,130.66417,129.71,2024,10,25,4,hold
2024-10-25,ZBH,102.33,-0.016057674,0.010610492,50.197327,107.9697,101.30882,101.77,2024,10,25,4,short
2024-10-25,ZBRA,359.97,-0.005745026,0.009788107,43.769238,336.8905,359.82355,320.77,2024,10,25,4,sell
2024-10-25,ZTS,179.91,-0.008760311,0.01257613,36.496883,183.3149,182.27017,179.91,2024,10,25,4,buy
