ticker,marketCap,trailingPE,forwardPE,priceToSalesTrailing12Months,priceToBook,revenueGrowth,earningsGrowth,grossMargins,profitMargins,returnOnAssets,returnOnEquity,currentRatio,debtToEquity,freeCashflow,ebitda
AOS,11485293568,20.348837,19.160583,2.9234338,6.0082397,0.066,0.019,0.38351002,0.14674,0.14533,0.30341998,1.698,8.637,388100000.0,828899968.0
ABBV,333590953984,63.37584,15.647059,6.0652905,49.20792,0.043,-0.325,0.6966,0.09707,0.07936,0.54262,0.807,1039.994,19637499904.0,26121000960.0
ACN,235483217920,32.884815,26.899357,3.6285987,8.32987,0.026,0.236,0.32609,0.111940004,0.11627,0.26674998,1.099,14.127,7641968128.0,11065912320.0
ADBE,217854984192,41.83432,24.082726,10.400295,15.141501,0.106,0.233,0.88657,0.25588,0.15969,0.35355,1.111,41.788,6618500096.0,8134000128.0
AMD,252434333696,185.67857,28.670956,10.8452635,4.463555,0.089,8.553,0.51418,0.05817,0.00801,0.024249999,2.819,3.971,2112999936.0,4046000128.0
AFL,64122974208,12.065332,16.104078,3.3217456,2.4677258,-0.007,0.144,0.4957,0.28340998,0.03229,0.23538,1.411,47.506,5469125120.0,6498500096.0
A,39889747968,28.922916,24.571682,6.139718,6.762299,-0.056,1.569,0.54394,0.21747999,0.07579,0.24658,1.781,52.787,879500032.0,1564000000.0
APD,73830481920,28.828125,24.876404,6.099475,4.889,-0.016,0.172,0.31665,0.21239,0.05104,0.16211,1.269,88.299,-2739350016.0,4200199936.0
ABNB,86294110208,18.564625,29.534632,8.214575,10.811346,0.106,-0.125,0.82588995,0.46111,0.04205,0.74175,1.406,28.418,3157874944.0,1636999936.0
AKAM,16163277824,26.46898,15.572263,4.115882,3.408096,0.047,0.024,0.59946,0.16012,0.04657,0.13906,1.321,97.073,571351232.0,1122247040.0
ARE,21304238080,148.5244,34.210674,7.0831475,1.1474036,0.074,-0.511,0.70876,0.0509,0.01345,0.01491,2.778,56.485,1435523200.0,1835033984.0
ALGN,16410953728,37.30051,21.125,4.1621943,4.367012,0.026,-0.123,0.70161,0.11338,0.06945,0.12088,1.182,3.435,371902880.0,823372992.0
ALLE,13361965056,24.381557,19.788387,3.6361067,9.374657,0.058,0.099,0.43765998,0.15078,0.10645001,0.43199003,1.659,179.401,420475008.0,864300032.0
LNT,15946604544,25.37551,19.07055,4.0248876,2.3481643,-0.02,-0.466,0.4422,0.15775,0.026349999,0.094390005,0.655,143.661,-1010625024.0,1608999936.0
GOOGL,2020802691072,23.412607,18.805525,6.1556535,6.6953454,0.136,0.314,0.57639,0.26702,0.15961,0.30871,2.079,9.549,43988500480.0,115478003712.0
GOOG,2020806230016,23.68006,18.993097,6.1556644,6.762127,0.136,0.314,0.57639,0.26702,0.15961,0.30871,2.079,9.549,43988500480.0,115478003712.0
AMZN,1983563431936,44.997623,32.5284,3.2822304,8.384649,0.101,0.938,0.48043,0.0735,0.06584,0.21933001,1.096,66.756,59191001088.0,104049000448.0
AMCR,16245621760,22.48,14.227847,1.191028,4.1831036,-0.038,0.443,0.19883,0.05352,0.0475,0.18400998,1.165,187.023,696750016.0,1856999936.0
AEE,23704020992,20.054176,18.093687,3.4121234,2.0541039,-0.042,0.075,0.52050996,0.16841999,0.029679999,0.10446999,0.673,152.297,-1356749952.0,3276999936.0
AEP,53579165696,20.138,16.865997,2.7443001,2.0494606,0.047,-0.366,0.44895,0.13488,0.02706,0.10514,0.655,169.394,-324337504.0,7350900224.0
AMT,105700655104,42.378277,34.236008,9.321292,27.41037,0.046,0.882,0.71450996,0.21954,0.04185,0.21584,0.597,454.641,4737874944.0,7082299904.0
AWK,27662753792,28.97143,24.949034,6.3461237,2.7248647,0.047,-0.011,0.59830004,0.21932,0.03259,0.09631,0.638,130.171,-1104875008.0,2321999872.0
AME,39222198272,29.512196,23.26923,5.7470646,4.2391334,0.054,0.036,0.35648,0.19514999,0.07916,0.15367,1.256,31.156,1254579072.0,2120557952.0
AMGN,172837257216,55.554405,15.584303,5.587291,29.164928,0.201,-0.463,0.63412,0.10118,0.04479,0.49268,1.264,1057.3,3012000000.0,11566000128.0
APH,81241407488,40.39521,32.90732,6.0660963,9.042895,0.182,0.108,0.33235002,0.15694,0.104449995,0.25456,2.017,60.101,1639250048.0,3269900032.0
ADI,113364246528,68.98187,30.282494,11.68651,3.2214966,-0.248,-0.546,0.57852,0.17068,0.0286,0.04658,1.687,23.07,2862019584.0,4361349120.0
ANSS,28610371584,57.844524,30.569561,12.30741,5.1206656,0.196,0.85,0.91949,0.21297,0.054180004,0.094289996,2.951,15.576,722611648.0,742475008.0
AON,77757423616,28.726324,20.62997,5.4921193,13.266494,0.184,-0.092,0.47535,0.18004,0.060310002,0.82436997,1.087,300.731,3142249984.0,4584000000.0
APA,9306809344,2.7229438,7.2507205,1.0447698,1.7157665,0.463,0.186,0.71385,0.32611,0.12717,0.7938,1.01,105.404,1476625024.0,5416999936.0
AAPL,3572963475456,35.714287,31.417112,9.265912,53.62848,0.049,0.111,0.45962003,0.26441,0.22612,1.60583,0.953,151.862,86158123008.0,131781001216.0
AMAT,153635930112,20.915825,19.232199,5.721156,8.154728,0.055,0.108,0.47408,0.27743,0.15205,0.4391,2.86,35.409,4395624960.0,8204000256.0
APTV,16860730368,5.415849,9.331599,0.84366924,1.6690314,-0.029,3.132,0.18479,0.18464,0.0543,0.34971002,1.494,64.07,1228999936.0,2976999936.0
ACGL,40813572096,7.632208,11.913282,2.637558,2.0490117,0.337,0.886,0.39918998,0.35195,0.048049998,0.30843002,0.618,13.196,4589250048.0,4682999808.0
ADM,26967209984,11.23506,10.561798,0.30379426,1.2172225,-0.117,-0.424,0.07441,0.0293,0.03415,0.1075,1.443,52.874,2144875008.0,3988000000.0
ANET,126289502208,52.07254,42.44984,20.008898,14.97653,0.159,0.342,0.64012,0.39008,0.16420999,0.34463,4.553,0.731,2007098880.0,2656448000.0
AJG,63374675968,56.49414,25.484581,6.1004643,5.4763527,0.134,0.187,0.43376,0.10977,0.02664,0.10361,1.041,74.262,2724699904.0,3278700032.0
AIZ,10229176320,13.17545,11.196145,0.88470846,2.0460596,0.071,0.234,0.11618,0.06899,0.02091,0.16811001,0.409,41.6,1402850048.0,1321100032.0
T,156669739008,12.557471,9.625551,1.282108,1.4877102,-0.004,-0.197,0.59605,0.10414,0.03958,0.11788,0.704,123.31,17859874816.0,42100998144.0
ATO,22238676992,21.129791,20.092566,5.430843,1.8253169,0.059,0.148,0.57717997,0.2509,0.03579,0.090179995,1.735,64.648,-1562511872.0,1991972992.0
ADSK,63141978112,59.916157,31.91612,10.877171,25.461891,0.119,0.262,0.91920996,0.18208,0.0889,0.57445997,0.636,105.214,1633500032.0,1396000000.0
ADP,119203463168,32.155117,26.84022,6.2076726,26.23082,0.065,0.072,0.47894,0.19539,0.059559997,0.9314,1.01,83.53,3699824896.0,5581100032.0
AVB,32303167488,38.433167,40.85252,11.292649,2.7475505,0.05,-0.311,0.64331,0.29413,0.02786,0.07143,1.211,72.611,1177270656.0,1763314944.0
AVY,17499217920,27.934446,20.580492,2.0358818,7.656239,0.069,0.758,0.28814,0.073359996,0.08376,0.29315,0.899,140.737,734687488.0,1394599936.0
AXON,33105321984,114.973755,73.870155,18.284393,17.16295,0.346,2.313,0.59812,0.16055,0.02819,0.17232001,2.879,37.944,273103360.0,196808992.0
BKR,36415287296,18.477158,13.893131,1.347068,2.3206885,0.13,0.45,0.20567,0.07369,0.0515,0.13033,1.266,37.498,1066875008.0,4104999936.0
BALL,20414746624,30.707762,19.324713,1.4778303,2.976454,-0.035,-0.073,0.19929,0.30403998,0.04459,0.12785,1.177,87.77,665124992.0,2064999936.0
BDX,70453985280,48.75,17.021648,3.5532572,2.7235854,0.023,0.235,0.44896,0.07126,0.032479998,0.05633,1.848,74.698,4431000064.0,5109000192.0
BBY,20643659776,16.60449,14.014577,0.48531064,6.652827,-0.031,0.072,0.22294001,0.02962,0.07219,0.4241,1.013,131.896,1411750016.0,2673999872.0
TECH,11301940224,67.84762,32.678898,9.750954,5.448149,0.016,-0.442,0.66472,0.14503999,0.05738,0.08332,3.874,20.279,214403504.0,310371008.0
BIIB,27699087360,23.979824,11.185883,2.863843,1.7437233,0.004,-0.017,0.76448995,0.11979,0.0519,0.07628,2.287,41.912,1265812480.0,2728999936.0
BWA,8017468928,10.570571,7.5862074,0.5590203,1.3158387,-0.019,0.541,0.18406999,0.04971,0.050240003,0.1183,1.617,61.639,1076249984.0,1871000064.0
BSX,129694523392,71.60162,32.142334,8.516287,6.359763,0.145,0.222,0.68691003,0.119969994,0.04808,0.093210004,1.612,53.064,1611500032.0,3948000000.0
AVGO,840190656512,145.07259,29.250406,17.94704,3.0376048,0.164,1.881,0.74713,0.108830005,0.077010006,0.12509,1.038,166.032,25984124928.0,22958000128.0
BR,25609723904,37.45299,23.458244,3.93584,11.792885,0.057,0.002,0.30659,0.10729,0.08180001,0.31667998,1.084,164.971,1124637440.0,1556000000.0
BRO,30348916736,30.659943,26.53117,6.8143153,5.0316877,0.115,0.343,0.48321998,0.2233,0.05361,0.17958,1.129,71.907,755562496.0,1497299968.0
BLDR,22705037312,17.177973,16.220465,1.3330171,5.274449,-0.016,-0.092,0.34102002,0.08249,0.116239995,0.32498002,1.825,101.118,1404968576.0,2561639936.0
BG,12684848128,10.176136,9.3378525,0.2272415,1.2681442,-0.12,-0.883,0.06892,0.023340002,0.05624,0.12297,2.032,53.864,1291750016.0,2724999936.0
BXP,15886721024,84.64152,47.97861,4.794331,2.428935,0.037,-0.232,0.61546004,0.05055,0.02503,0.031770002,0.833,194.739,1006291136.0,1872162944.0
CHRW,12915790848,39.613308,23.233124,0.7397964,8.549414,0.014,0.296,0.067,0.019019999,0.06342,0.22913,1.417,131.27,271804384.0,607635968.0
CDNS,70787940352,67.14805,37.412445,17.010195,16.613327,0.086,0.037,0.88509005,0.25361001,0.12145001,0.29442,1.432,31.652,895758656.0,1364988032.0
CPT,12875109376,33.07945,74.073616,8.261468,2.7015414,0.012,-0.528,0.62028,0.2548,0.02185,0.08158,0.159,72.203,730525248.0,900542976.0
KMX,11572822016,28.082705,19.761904,0.4181074,1.8776864,-0.002,0.135,0.11958,0.01508,0.01539,0.06853,2.254,314.637,894939136.0,926968000.0
CCL,28608241664,18.222223,12.541176,1.1686851,3.1422255,0.152,0.599,0.51963,0.063930005,0.04249,0.20120001,0.296,352.355,-506249984.0,5878000128.0
CARR,73619431424,21.688831,26.306454,3.1057808,5.3464894,0.116,10.087,0.2897,0.14272,0.04027,0.31099,1.084,98.182,2237874944.0,3043000064.0
CAT,190981914624,17.951685,17.419725,2.8776205,11.148979,-0.036,-0.034,0.32724,0.16584998,0.10467,0.62167,1.284,217.735,7383374848.0,16181999616.0
CBOE,21897279488,28.985456,22.846615,5.7492795,5.4528513,0.073,-0.153,0.52391,0.20219,0.08554,0.20039,1.234,39.486,681425024.0,1262400000.0
CBRE,38512250880,42.316498,21.337862,1.1619675,4.530968,0.087,-0.344,0.19375,0.027880002,0.03967,0.10905,1.119,72.413,1299764480.0,2075500032.0
CDW,29160976384,26.753677,20.010082,1.392404,13.410529,-0.036,0.078,0.22097999,0.05294,0.08059,0.58541,1.135,284.804,1335937536.0,1987399936.0
CE,14856626176,7.690611,10.930065,1.4076773,2.0731876,-0.052,-0.298,0.24018998,0.1824,0.02779,0.28254,1.276,176.147,1070124992.0,1871000064.0
COR,46538178560,25.779587,16.10787,0.16396451,50.560047,0.109,0.03,0.0337,0.00654,0.028499998,1.87717,0.893,578.115,4500855296.0,4032841984.0
CNC,32624381952,11.67985,8.438095,0.22645755,1.1927382,0.036,0.125,0.15447,0.0196,0.03782,0.10585,1.173,64.202,1974000000.0,6279000064.0
CNP,19623319552,18.58642,17.404625,2.2905707,1.8668238,0.016,1.118,0.46422002,0.1228,0.02997,0.10154,1.196,184.866,-2464124928.0,3215000064.0
CF,15152803840,14.918294,14.531141,2.5743804,2.774511,-0.114,-0.149,0.33401,0.17873,0.07575,0.15955,4.7,39.731,1245874944.0,2572000000.0
CRL,10211003392,23.628435,18.92536,2.504062,2.7419312,-0.032,-0.079,0.35983002,0.10827,0.04994,0.12603,1.582,75.301,376418880.0,958953984.0
CHTR,46477893632,10.396232,9.276638,0.85032463,3.6088266,0.002,0.055,0.39337003,0.08507,0.05356,0.34924,0.385,583.732,3448624896.0,21283999744.0
CVX,273573560320,14.925742,13.006903,1.4018558,1.7314848,0.048,-0.241,0.39285,0.09593,0.06036,0.11761,1.157,14.466,15963750400.0,41003999232.0
CMG,81333411840,58.22549,45.684616,7.6274624,21.939417,0.182,0.333,0.41035998,0.13225001,0.13741,0.43535,1.712,115.274,984370880.0,2141595008.0
CB,121892962304,12.75518,12.9135275,2.2733166,1.9969945,0.152,0.264,0.28094998,0.18120001,0.029760001,0.16756001,0.397,32.333,12103624704.0,10899999744.0
CHD,25543997440,32.2037,27.973188,4.2584686,5.9317794,0.039,0.112,0.45457,0.13377,0.0806,0.19531,1.527,56.203,627324992.0,1318000000.0
CI,93928464384,26.519337,10.536219,0.4348379,2.2721431,0.244,0.108,0.11121,0.01717,0.031059999,0.091280006,0.831,78.515,1696249984.0,9377000448.0
CINF,22092335104,10.374174,19.748604,2.0751772,1.7286273,-0.023,-0.414,0.26789,0.20205,0.051680002,0.1807,0.998,6.84,2203624960.0,2848999936.0
CTAS,86314057728,54.045456,45.73077,8.847395,21.462093,0.068,0.183,0.4917,0.16795,0.14961,0.40462002,1.533,70.573,1597249152.0,2450383872.0
CSCO,226513829888,22.346457,14.591259,4.2100596,5.003526,-0.103,-0.439,0.64732003,0.19181,0.072230004,0.22982,0.908,70.931,10532500480.0,15281999872.0
CLX,20029431808,71.98222,22.715288,2.8238306,61.325256,-0.057,0.222,0.43212003,0.03948,0.09843001,0.66363996,1.03,596.951,359375008.0,1146000000.0
CME,82217345024,25.200882,22.102615,14.205284,2.9689736,0.127,0.131,1.0,0.57071996,0.01668,0.11913,1.02,13.931,2425512448.0,4010299904.0
CMS,21296390144,21.8681,19.857939,2.875559,2.737396,0.033,-0.03,0.41182998,0.13097,0.02903,0.10697,1.181,184.615,-662875008.0,2635000064.0
KO,303587262464,28.634148,23.171053,6.533676,11.740001,0.033,-0.05,0.60534,0.22916001,0.086490005,0.38772,1.08,164.398,11708250112.0,14906999808.0
CTSH,38776061952,17.767654,15.66265,2.0127726,2.7893004,-0.007,0.251,0.34389,0.11394,0.10196,0.16379999,2.459,8.901,1942249984.0,3459000064.0
CL,82084560896,29.28863,25.891752,4.106487,665.29803,0.049,0.483,0.59698004,0.14208001,0.16193001,7.5332503,1.055,1800.0,2848999936.0,4831000064.0
CMCSA,162373926912,11.151596,9.5079365,1.3406812,1.9556903,-0.027,-0.02,0.70529,0.1246,0.055749997,0.17489,0.664,116.903,21741750272.0,37513998336.0
CAG,14470917120,29.72549,11.271375,1.211787,1.6641967,-0.038,0.451,0.2739,0.041389998,0.0531,0.05605,0.937,100.881,1067000000.0,2239500032.0
COP,122709286912,11.767261,12.655089,2.1127632,2.4667926,0.099,0.076,0.49001,0.18396999,0.10863,0.21968001,1.33,36.892,6793625088.0,25019000832.0
ED,36954656768,20.730097,18.996443,2.495082,1.7133137,0.094,-0.108,0.52502,0.12038,0.03121,0.08417,1.044,123.191,-1879500032.0,5376000000.0
CEG,84476059648,35.97337,30.185476,3.588008,7.4063106,0.005,0.008,0.19545999,0.10155,0.03707,0.20031999,1.354,77.447,-429875008.0,5585999872.0
COO,21560629248,60.144447,26.534315,5.6677346,2.7198272,0.078,0.209,0.66363,0.09445,0.03393,0.0465,1.987,36.711,148775008.0,1023000000.0
CPRT,51901902848,38.485714,30.965517,12.250194,6.8961987,0.072,-0.083,0.4577,0.32171002,0.12967,0.20129,7.029,1.573,736320384.0,1754322944.0
GLW,39927009280,91.4902,20.464912,3.2217388,3.592547,0.002,-0.636,0.34382,0.03526,0.02945,0.044260003,1.573,75.016,1078000000.0,2673999872.0
CPAY,24545259520,25.70982,15.988693,6.4268517,8.920262,0.029,0.1,0.78365,0.26413,0.067719996,0.3341,1.017,265.571,1171454720.0,2038312960.0
CTVA,41126391808,47.150795,17.94864,2.4333704,1.636594,0.011,0.508,0.43683997,0.05313,0.02885,0.03415,1.716,18.583,2345750016.0,3214000128.0
CSGP,32477997056,152.40385,64.959015,12.496824,4.385965,0.119,-0.809,0.79341006,0.081920005,0.0050700004,0.02937,9.27,14.842,-138794496.0,199900000.0
COST,394140876800,53.74985,45.362568,1.5489732,16.687178,0.01,0.088,0.12613,0.02895,0.0836,0.30267,0.966,42.118,4467500032.0,11521999872.0
CTRA,17579935744,13.745665,9.474104,3.159018,1.3505992,0.07,0.074,0.71536005,0.23558001,0.053239997,0.102010004,1.404,22.743,794625024.0,3487000064.0
CRWD,76025831424,456.10294,72.63466,21.621239,26.647478,0.317,5.333,0.75372005,0.0484,0.00525,0.07334,1.899,27.398,1209105920.0,187490000.0
CCI,48885297152,39.851063,41.316174,7.414727,9.23039,-0.009,0.142,0.72152,0.18626,0.03745,0.20527,0.536,559.592,1308000000.0,3993999872.0
CSX,66149806080,18.148935,16.563107,4.5058107,5.1169763,0.013,0.122,0.48880002,0.24971001,0.081420004,0.29458,1.392,143.329,2429750016.0,7176000000.0
CMI,45980975104,24.033669,15.3131,1.3455353,4.8142514,0.018,0.042,0.24306,0.05689,0.06758,0.1894,1.343,76.466,2762749952.0,4445000192.0
CVS,75906514944,10.736655,8.243169,0.20977053,1.0114318,0.025,-0.048,0.14372,0.01987,0.02873,0.097279996,0.86,111.598,5576374784.0,16099999744.0
DHR,198160809984,50.530388,31.793743,8.408046,3.9811954,-0.029,-0.181,0.5978,0.17834,0.03979,0.07982,1.434,36.492,5088750080.0,7459999744.0
DRI,19339325440,18.983852,15.586173,1.6939951,9.059834,0.01,0.087,0.21156,0.091120005,0.07408,0.48619,0.353,326.282,717574976.0,1789500032.0
DVA,13589282816,17.2492,14.308305,1.0850285,21.773088,0.062,0.309,0.32794,0.06864,0.06802,0.45333,1.158,481.503,926260224.0,2595618048.0
DECK,24676139008,31.06526,26.707922,5.5610466,11.902487,0.221,0.875,0.56544995,0.18291001,0.20286,0.41874,2.863,12.647,779751744.0,1061059008.0
DE,111828533248,13.94507,18.149645,1.998544,4.849035,-0.168,-0.383,0.34387,0.14698,0.07862,0.35481,2.078,288.043,3000000000.0,14364000256.0
DAL,36006682624,7.7392507,8.051949,0.59705645,2.6215644,0.012,0.145,0.22594,0.07712,0.05271,0.4067,0.393,186.78,9125000.0,8415000064.0
DVN,26764810240,7.3526216,7.7743783,1.8145634,2.034424,0.05,0.252,0.54298,0.23742001,0.119729996,0.29691,1.114,51.08,1946499968.0,7464999936.0
DXCM,29004619776,44.95652,36.00995,7.3713074,11.914403,0.153,0.266,0.62735003,0.16949,0.06255,0.29413,2.815,106.573,634937472.0,886800000.0
FANG,53861605376,9.523293,10.635261,6.088809,1.881173,0.251,0.528,0.79358,0.3934,0.09628,0.21341999,3.662,65.634,1067124992.0,6733000192.0
DLR,55215751168,47.38682,118.978424,10.31537,2.7211847,-0.041,-0.411,0.52709997,0.20992,0.00936,0.05388,1.54,79.371,2230602752.0,2335426048.0
DG,17725149184,12.534992,12.813991,0.4467364,2.4413884,0.042,-0.202,0.29666,0.03568,0.042519998,0.20882,1.222,250.873,1272441088.0,3025478912.0
D,50269163520,24.966665,17.72781,3.475948,1.9542103,0.101,-0.036,0.48049998,0.11589,0.024549998,0.07542,0.934,156.34,-7802500096.0,7008999936.0
DOV,26719086592,18.081861,20.247917,3.1319156,4.981548,0.037,0.186,0.37355998,0.17583,0.08125,0.29924,1.53,59.128,1135640064.0,1773740032.0
DOW,37225914368,32.78395,15.088068,0.86509526,2.0322185,-0.044,-0.089,0.11778,0.026770001,0.02784,0.062480003,1.751,94.638,2228624896.0,5248000000.0
DHI,63395237888,13.092867,12.182842,1.6994766,2.583249,0.025,0.051,0.24925,0.13357,0.119160004,0.21305999,6.487,22.913,1021800000.0,6516899840.0
DTE,26684876800,19.267563,17.927677,2.152527,2.4027438,0.071,0.598,0.35275,0.1118,0.030669998,0.12835,0.694,208.891,-1422625024.0,3416999936.0
EMN,12719041536,14.648722,12.160893,1.3905151,2.2594037,0.017,-0.145,0.22729,0.09653,0.045560002,0.16035,1.402,90.121,404375008.0,1574000000.0
ETN,138610458624,38.303627,29.20973,5.7419415,7.2121296,0.083,0.333,0.37527,0.1512,0.07194,0.19622,1.558,54.498,2524624896.0,5295000064.0
EBAY,31760547840,12.636187,12.5386095,3.1168349,5.807403,0.013,0.4,0.72031,0.26408002,0.06775,0.50014,1.253,148.0,1876125056.0,2534000128.0
EIX,32991100928,34.30924,15.228164,1.9611878,2.393802,0.094,0.233,0.59327,0.057129998,0.02954,0.054050002,1.029,209.889,-1760875008.0,6330999808.0
EW,42330644480,27.665354,26.923372,6.8226814,5.6908,0.07,0.206,0.76379997,0.23741,0.12279,0.22021,3.711,9.234,820774976.0,2028300032.0
EA,38137270272,34.044815,17.328932,5.225715,5.1717963,-0.137,-0.293,0.78240997,0.15771,0.07139,0.15624,1.453,29.527,1402375040.0,1796999936.0
ELV,99905470464,15.675764,10.571043,0.57411987,2.2823098,0.054,-0.2,0.27937,0.03688,0.05844,0.15504,1.495,61.87,-1112249984.0,11347999744.0
EMR,63171682304,37.31081,18.623947,3.7240865,3.0372367,0.11,-0.965,0.51624,0.101160005,0.04107,0.06474,1.162,40.34,814625024.0,4392999936.0
ENPH,12410072064,98.537636,20.274336,8.736725,14.027246,-0.573,-0.927,0.43539003,0.091239996,0.01854,0.13958,4.232,149.385,243424752.0,169412992.0
ETR,28927057920,16.162485,17.500647,2.3968909,1.985499,0.038,-0.876,0.45636,0.14737001,0.02517,0.12486,0.938,192.943,-1794354048.0,4587522048.0
EOG,71996137472,9.777607,11.275157,2.9867718,2.4723227,0.104,0.109,0.6273,0.31101,0.13614,0.27056998,2.118,14.016,3723000064.0,13500000256.0
EPAM,11477038080,28.921091,18.459707,2.4834254,3.3780205,-0.02,-0.163,0.30111,0.088640004,0.080790006,0.12299,4.84,4.885,573261120.0,625980032.0
EFX,34938560512,62.525494,29.31289,6.252203,7.1171856,0.093,-0.137,0.55526,0.100659996,0.05224,0.11927,0.882,108.422,821075008.0,1691399936.0
EQIX,84994768896,81.97802,71.33068,10.593241,6.922524,0.069,0.43,0.45988,0.12902,0.02093,0.085,1.215,146.103,2721974528.0,3025906944.0
EQR,29556203520,30.869387,44.751476,10.133967,2.6162307,0.024,0.276,0.63764,0.32829,0.02812,0.085939996,0.247,64.884,1347496832.0,1799677952.0
ERIE,25186998272,47.40945,35.94627,7.0994406,13.772123,0.179,0.391,0.17041,0.14951,0.15917,0.31444,1.321,0.347,331185632.0,686960512.0
ESS,19710341120,36.7866,49.089405,11.461599,3.4731169,0.055,-0.066,0.68314004,0.3014,0.02734,0.095369995,0.874,111.409,721035520.0,1102124032.0
EVRG,14055032832,19.099998,15.054187,2.4939284,1.4484098,0.069,0.155,0.49953,0.13118,0.02526,0.07796,0.593,144.608,-979225024.0,2411300096.0
EXC,40970473472,16.921488,15.570342,1.8009,1.5666246,0.113,0.316,0.4069,0.10646,0.026099999,0.09455,1.034,176.644,-2275124992.0,7094000128.0
EXPE,20777869312,28.758558,11.107168,1.5666041,23.485874,0.06,0.102,0.88901,0.06092,0.03847,0.25459,0.761,308.137,1886125056.0,1776000000.0
EXPD,17005924352,25.747864,22.693031,1.8660252,7.7862496,0.089,-0.046,0.13452,0.07403,0.11416,0.28525,1.711,25.387,563334272.0,921294976.0
EXR,37775802368,46.6703,35.461697,11.733263,2.5611963,0.578,-0.414,0.74304,0.24956,0.045440003,0.08825,2.15,77.487,892436224.0,2193652992.0
XOM,533184020480,14.355264,14.476478,1.5448564,1.9864931,0.12,0.104,0.31614,0.098979995,0.07355,0.1469,1.36,15.632,29004249088.0,70902996992.0
FFIV,12675691520,23.410118,15.337094,4.56548,4.21016,-0.01,0.649,0.80014,0.19940001,0.07689,0.19534001,1.365,8.656,640153280.0,761553024.0
FDS,17937000448,33.898636,25.351074,8.141871,9.370814,0.049,0.377,0.54066,0.24381,0.110039994,0.30411,1.252,82.332,555384768.0,831163008.0
FAST,44627820544,38.756218,35.409092,5.9662066,12.406435,0.035,0.005,0.45228,0.15439999,0.2034,0.32698002,4.397,14.644,822287488.0,1693200000.0
FRT,9638735872,33.53079,37.123375,8.249404,3.3703759,0.052,0.843,0.68397003,0.24809,0.03056,0.093310006,0.362,142.693,367518368.0,728406016.0
FSLR,21468276736,17.922253,9.40225,5.7032275,2.9589248,0.246,1.044,0.45776,0.31975,0.07989,0.18106002,2.228,8.572,-132329248.0,1634306048.0
FE,25144754176,27.98718,15.107265,1.9319826,2.0157902,0.091,-0.809,0.69297,0.06708,0.02641,0.08081,0.513,174.468,-2047562496.0,3778500096.0
FI,113584783360,34.37108,19.456606,5.742406,4.043325,0.074,0.391,0.60956,0.17447,0.03937,0.11798,1.059,89.023,4131624960.0,8481999872.0
FMC,7825216512,5.3581195,13.366737,1.915879,1.7162646,0.024,8.827,0.38064,0.33968,0.02569,0.36833,1.479,94.352,535150016.0,676499968.0
F,44125274112,11.562501,6.0,0.2446674,1.0127738,0.063,-0.022,0.08038,0.021270001,0.00803,0.08754,1.166,350.717,-1641624960.0,9793999872.0
FTNT,62011092992,47.970413,36.031113,11.198796,215.03978,0.109,0.485,0.78089,0.23709999,0.11603,4.30883,1.321,373.421,1411337472.0,1558700032.0
FTV,27140997120,31.11245,18.622597,4.4095135,2.584746,0.017,-0.068,0.59674,0.1439,0.0442,0.0865,1.232,37.563,1101600000.0,1671200000.0
FOXA,18634307584,13.56869,11.699724,1.3329262,1.828633,0.02,-0.08,0.34986,0.107370004,0.06963,0.14313,2.541,73.734,1061124992.0,2847000064.0
FOX,18634323968,12.4504795,16.58298,1.3329273,1.6779333,0.02,-0.08,0.34986,0.107370004,0.06963,0.14313,2.541,73.734,1061124992.0,2847000064.0
BEN,10972497920,13.031055,8.038314,1.3295324,0.85101205,0.078,-0.273,0.38748002,0.102390006,0.02665,0.07579,5.122,26.914,-698612480.0,1807100032.0
FCX,69227913216,36.225563,22.0,2.8057027,3.9808314,0.155,0.826,0.40699002,0.078260005,0.081199996,0.16131,2.399,32.859,251750000.0,9287999488.0
GRMN,32211222528,23.470589,25.3142,5.702764,4.599171,0.141,0.04,0.57676,0.24360001,0.09335,0.20961,2.892,1.922,1053523520.0,1430164992.0
IT,40925532160,50.48384,40.603214,6.750171,63.649334,0.061,0.181,0.6778,0.13668999,0.09696999,1.34407,0.898,467.324,879647616.0,1297021056.0
GEHC,41711505408,26.398842,19.270042,2.137079,5.3468356,0.005,0.022,0.40962002,0.08095,0.05728,0.21218,1.059,120.866,1959750016.0,3534000128.0
GNRC,10062343168,43.1134,20.83188,2.5019457,4.246871,-0.002,0.386,0.36214,0.06025,0.05104,0.101239994,2.253,68.141,494272640.0,596494016.0
GD,84763516928,24.043648,18.76399,1.8858967,3.8403986,0.18,0.207,0.15672,0.07887,0.04946,0.17079,1.332,50.458,1367000064.0,5130999808.0
GIS,38822268928,16.650002,14.878724,1.9606612,4.1901855,-0.012,-0.096,0.34652,0.12136,0.07251,0.24168,0.66,139.823,2196512512.0,4214599936.0
GM,55274385408,5.525843,4.967677,0.3103681,0.7882168,0.072,0.393,0.117510006,0.0622,0.02646,0.1463,1.175,179.035,558625024.0,17976999936.0
GPC,19946158080,16.589802,14.1193285,0.8613564,4.3937397,0.008,-0.135,0.36264,0.052360002,0.06179,0.28061,1.118,114.111,647928000.0,2132557952.0
GILD,107965530112,105.7561,11.977901,3.882954,5.9105783,0.054,0.554,0.77443004,0.03791,0.11545,0.05263,1.142,128.318,6791249920.0,13461999616.0
GPN,26031448064,18.772478,7.949495,2.6298487,1.162389,0.047,0.4,0.62836,0.14257,0.03039,0.06343,0.916,78.524,1955829376.0,4242999040.0
GL,9855028224,9.920434,8.280755,1.7423427,1.8898019,0.086,0.261,0.3171,0.18466,0.03199,0.22686,0.52,49.505,1411051904.0,1428763008.0
HAL,25010544640,9.411961,8.259475,1.0789709,2.5015452,0.006,0.182,0.19223,0.11613,0.10446999,0.28903,2.13,86.88,1883000064.0,5160000000.0
HIG,35747708928,12.842105,10.562771,1.4019809,2.3372095,0.072,0.41,0.34877,0.11424,0.031070001,0.19529,1.901,27.825,3773625088.0,4156000000.0
DOC,15828370432,47.166668,83.851845,6.562454,1.8104757,0.275,1.305,0.59389,0.11936,0.015859999,0.03723,2.356,94.667,712347776.0,1305757056.0
HSIC,9172391936,26.712177,13.710227,0.7345553,2.6194096,0.012,-0.245,0.31633,0.02819,0.03886,0.07253,1.546,56.715,449375008.0,887000000.0
HSY,37560836096,20.585363,20.226578,3.4101799,9.366425,-0.167,-0.551,0.45426998,0.1676,0.13474,0.47917998,0.858,143.695,887561728.0,3018906880.0
HES,42957393920,16.2305,15.304062,3.5560756,4.0826964,0.399,5.326,0.76523,0.21903999,0.11472,0.30075002,1.269,88.242,152124992.0,6705999872.0
HPE,26869481472,14.673759,9.852382,0.9258953,1.2167726,0.101,0.086,0.33877,0.06392,0.02484,0.086660005,0.939,53.696,1913250048.0,4909000192.0
HD,412216590336,27.85235,26.636713,2.7103643,93.23747,0.006,-0.011,0.33595002,0.09713,0.1527,5.13362,1.148,1479.819,12154999808.0,24578000896.0
HON,144239951872,25.31585,19.91211,3.863501,8.511079,0.047,0.063,0.37564,0.15493,0.07442,0.32740003,1.206,165.725,5081625088.0,9048000512.0
HRL,17651836928,22.510489,19.047337,1.4733455,2.2436745,-0.022,0.075,0.16860001,0.065170005,0.05164,0.10005,2.289,36.305,702241472.0,1353831040.0
HST,25404702720,16.764153,17.949495,4.6367407,1.8315812,0.051,0.17,0.29257,0.13689,0.03825,0.10767999,4.239,70.94,1078499968.0,1486000000.0
HWM,43075833856,46.906666,33.826923,6.073006,10.196116,0.141,0.413,0.29395,0.13154,0.08327,0.23174,1.528,89.245,731124992.0,1664999936.0
HUBB,24521971712,33.78772,25.793903,4.3999805,8.033095,0.063,0.031,0.3425,0.13143,0.104329996,0.25931,1.807,70.146,566562496.0,1226800000.0
HUM,32164192256,18.799438,13.512393,0.287088,1.9293381,0.104,-0.265,0.15483,0.015269999,0.04567,0.10155,1.66,79.328,-9923749888.0,4262000128.0
HII,10255950848,13.889007,13.911171,0.87099373,2.457573,0.068,0.341,0.14556,0.06352,0.046630003,0.19121,0.817,68.956,258375008.0,1160000000.0
IBM,213890564096,25.629137,21.660446,3.4297671,8.90235,0.019,0.141,0.56093,0.13518,0.04695,0.36244,1.123,248.264,8235749888.0,14625000448.0
IEX,15937837056,27.556284,24.710093,4.9961867,4.3732862,-0.046,0.022,0.44347998,0.18194,0.07596,0.16726999,3.413,36.161,597687488.0,865400000.0
IDXX,37674704896,45.45581,37.36653,9.95421,23.890396,0.064,-0.086,0.60409,0.22343001,0.22767,0.63246,1.369,67.576,816008256.0,1265662976.0
ITW,77499809792,25.56611,24.259293,4.8395033,26.17367,-0.012,0.024,0.43562,0.19152,0.17095,1.01288,1.302,286.057,2567500032.0,4663000064.0
IR,40509792256,49.702972,27.734808,5.7577486,4.0708756,0.07,0.023,0.43493998,0.1173,0.05185,0.085319996,2.178,47.942,1029887488.0,1830700032.0
PODD,16588626944,42.705776,62.097115,8.858133,16.614466,0.232,5.639,0.68388003,0.21109,0.06846,0.50931,3.598,143.54,68862496.0,364000000.0
ICE,95784116224,41.294556,24.319242,10.87097,3.5820415,0.227,-0.225,1.0,0.26251,0.01906,0.09365,0.995,82.748,7447374848.0,5344000000.0
IP,16250389504,35.709923,17.261992,0.87522966,1.8902538,0.011,1.081,0.27958,0.02343,0.026770001,0.05436,1.594,70.25,789875008.0,2070000000.0
IPG,12030179328,11.862963,11.160278,1.2790986,3.136506,-0.001,-0.162,0.22329001,0.10971,0.05432,0.27183,1.065,110.001,751487488.0,1744199936.0
INVH,20907833344,43.756413,44.324677,8.299414,2.0842748,0.083,-0.459,0.5891,0.18931,0.023120001,0.047020003,3.618,85.167,1082929280.0,1394653056.0
IQV,43148587008,30.778934,19.072523,2.8471518,6.426729,0.023,0.239,0.35097,0.0939,0.05025,0.22837,0.849,202.458,1639624960.0,2779000064.0
JBL,14328103936,11.317204,12.617383,0.49607396,8.369227,-0.177,0.019,0.092650004,0.048060004,0.048839998,0.60295,1.086,187.507,2218374912.0,2132999936.0
JKHY,13571386368,35.586998,29.449366,6.125535,7.361759,0.047,0.031,0.41347,0.17233999,0.10735,0.22128999,0.997,11.377,335345376.0,551337024.0
J,17879285760,28.32677,18.7859,1.0549116,2.702246,0.011,-0.092,0.213,0.03717,0.049829997,0.093260005,1.141,47.856,1148129280.0,1476304000.0
JCI,51731005440,32.537815,20.432718,1.9209434,3.2396255,0.014,-0.052,0.32933998,0.06019,0.0421,0.1042,0.955,67.818,2111124992.0,3814000128.0
JNPR,12906481664,55.225353,20.316063,2.530137,2.8330925,-0.168,0.429,0.58556,0.04581,0.02454,0.05277,1.685,40.227,496837504.0,547600000.0
K,27935262720,32.290836,81.86869,2.1788676,8.3894005,-0.047,-0.034,0.34443,0.07074,0.05696,0.22856002,0.727,188.299,488500000.0,1896000000.0
KVUE,41597493248,38.105263,17.658535,2.6880448,4.0865474,-0.003,-0.87,0.57512003,0.07231,0.069699995,0.10548,0.991,84.555,1988749952.0,3627000064.0
KDP,50093961216,23.679487,17.845411,3.3258507,2.0261078,0.035,0.058,0.55816,0.14474,0.041939996,0.08723,0.509,67.76,592875008.0,4228000000.0
KEYS,27758202880,30.759617,22.94835,5.5483117,5.306725,-0.119,0.379,0.63462,0.18249,0.0644,0.18031,2.05,38.929,750750016.0,1187000064.0
KMB,48974671872,21.510355,18.958279,2.4149246,43.135567,-0.02,4.367,0.36198002,0.112770006,0.1146,2.3954499,0.849,623.731,2171375104.0,3927000064.0
KLAC,90905395200,33.441105,20.400482,9.264483,27.079062,0.091,0.245,0.59968,0.28147,0.15392,0.87845004,2.152,202.464,2180707584.0,4035056128.0
KHC,43526881280,23.076923,11.392405,1.6539453,0.89014167,-0.036,-0.901,0.34761003,0.07303,0.03824,0.03867,1.006,40.656,2332875008.0,6493000192.0
KR,40898662400,14.7984295,12.342794,0.27229106,4.5817795,-0.006,-0.882,0.23159,0.018609999,0.059609998,0.24285999,0.872,229.201,2016749952.0,8067999744.0
LHX,47194808320,39.86859,17.433777,2.2728057,2.5060186,0.129,0.049,0.26333,0.05731,0.03874,0.06197,0.896,70.102,2099124992.0,3686000128.0
LH,18116761600,40.180634,13.596093,1.45078,2.258544,0.062,0.146,0.27998,0.036,0.04079,0.05357,0.879,75.489,801649984.0,1655800064.0
LRCX,94408646656,25.117239,16.479637,6.3338614,11.12061,0.207,0.303,0.47608003,0.2568,0.14408,0.45706,2.97,61.726,3357031424.0,4685173760.0
LW,11154015232,18.361502,15.834008,1.7275906,6.0725102,-0.007,-0.45,0.25113,0.09573,0.08644,0.37015,1.193,221.158,-315924992.0,1294400000.0
LVS,37963067392,24.201876,18.543165,3.3213534,10.105862,0.086,0.168,0.76912004,0.14077,0.07909,0.47807997,1.583,352.799,1698875008.0,4031000064.0
LDOS,22836717568,53.141068,17.732218,1.4265816,5.1259413,0.077,0.58,0.15773,0.02724,0.07692,0.096260004,1.207,114.457,1231250048.0,1900999936.0
LEN,50825191424,12.545152,11.683982,1.3938936,1.8694465,0.079,0.101,0.23245001,0.11512,0.087790005,0.15878001,11.501,14.665,4653636096.0,5534482944.0
LLY,826564018176,113.610146,39.80789,21.235985,60.946087,0.36,0.682,0.80752,0.18863001,0.13703,0.59248,1.114,212.883,-675324992.0,15501899776.0
LIN,232281341952,37.048744,28.447369,7.07657,6.083971,0.008,0.078,0.47563,0.19492,0.0675,0.16193001,0.951,54.406,2888250112.0,12398000128.0
LKQ,10348594176,14.294546,10.053709,0.71453387,1.6945426,0.076,-0.336,0.39356,0.05027,0.056950003,0.12129,1.751,93.001,537374976.0,1722000000.0
LMT,145829806080,22.223392,21.48964,2.0519469,23.481482,0.086,0.033,0.12164,0.09478,0.09983,0.87394994,1.242,311.854,5801750016.0,10167000064.0
L,17960062976,11.997067,28.213793,1.0766133,1.0971947,0.085,0.055,0.36315,0.09142,0.01908,0.09997,0.496,55.642,1616875008.0,2979000064.0
LULU,35805458432,22.571981,19.533155,3.5843847,8.949824,0.073,0.175,0.58536,0.16343,0.22567,0.43159,2.432,36.186,1563643776.0,2699964928.0
LYB,29742391296,12.867791,9.955386,0.7247701,2.2113988,0.024,0.293,0.12206,0.05658,0.05483,0.17465,2.1,94.093,1810375040.0,4640000000.0
MRO,14946712576,10.4375,10.995884,2.2677457,1.3328676,0.122,0.319,0.76331,0.22698,0.06323,0.13327,0.572,47.269,1451624960.0,4281999872.0
MPC,52980477952,8.296646,16.022266,0.35611862,2.5314229,0.038,-0.186,0.1192,0.04828,0.07514,0.28934,1.306,107.202,6738999808.0,13656999936.0
MKTX,10903909376,41.67821,35.395832,14.02414,8.210062,0.099,0.082,0.62499,0.33713,0.113299996,0.21017,14.579,5.734,167764752.0,391422016.0
MMC,110477901824,27.701605,23.573978,4.613819,8.059262,0.059,0.027,0.45241,0.16822,0.08321,0.32048,1.137,106.462,3657374976.0,7246000128.0
MLM,35509035008,17.484201,26.923077,5.3661723,4.0177584,-0.031,-0.152,0.29463,0.30812,0.05982,0.25312,1.864,53.631,1439250048.0,2043500032.0
MA,477012983808,39.535988,31.011414,18.075521,64.39761,0.11,0.167,1.0,0.46449003,0.23647,1.8770399,1.14,208.567,12009624576.0,16243999744.0
MKC,21521033216,27.272108,25.616613,3.2224352,3.9687178,-0.003,0.317,0.38483003,0.11868,0.05164,0.15067,0.714,84.828,588337472.0,1270200064.0
MDT,118307012608,31.057238,15.767521,3.6316118,2.4672337,0.028,0.356,0.65525,0.12055001,0.04415,0.07948,2.133,57.859,4904750080.0,9013000192.0
META,1458365267968,29.502045,23.625818,9.736456,9.31473,0.221,0.732,0.81491,0.34339002,0.17661,0.35375,2.83,24.235,32011874304.0,74774003712.0
MET,59751727104,23.184782,8.688392,0.8688633,2.2033417,0.072,1.667,0.2383,0.0423,0.00418,0.10122,1.533,174.129,-1989250048.0,5244000256.0
MGM,12512285696,15.4849615,14.302082,0.73549664,3.9098244,0.098,0.091,0.46453997,0.051680002,0.02592,0.27016002,1.47,825.413,805085760.0,2552780032.0
MCHP,41493295104,30.812748,23.796923,6.299175,6.477387,-0.458,-0.802,0.63369,0.20795,0.07251,0.20696,1.939,96.83,1935387520.0,2720900096.0
MSFT,3108199989248,35.467346,27.456337,12.680216,11.578568,0.152,0.097,0.69764,0.35956,0.14802,0.37133,1.275,36.447,56705249280.0,129433001984.0
MAA,18546161664,35.05442,36.983253,8.529535,3.0089924,0.021,-0.307,0.60192,0.23773001,0.03674,0.08469,0.118,76.418,942892096.0,1251019008.0
MOH,16977592320,15.901208,10.908133,0.47050196,3.5295122,0.175,-0.034,0.12587,0.029460002,0.0686,0.25118,1.574,49.226,3250000.0,1700999936.0
TAP,11606167552,10.275229,9.605489,0.97221184,0.9683388,-0.004,0.293,0.39141,0.09791,0.04335,0.0879,0.953,55.463,784662528.0,2558799872.0
MDLZ,95616573440,24.597939,19.994415,2.6577878,3.4568021,-0.019,-0.351,0.40335,0.10971,0.05709,0.14033,0.676,73.039,3507749888.0,7886000128.0
MPWR,44670967808,108.69395,52.569706,23.58309,20.320906,0.15,0.005,0.5531,0.21697001,0.117469996,0.20371,6.767,0.705,453186752.0,494728000.0
MNST,52940894208,33.78125,28.29843,7.1678996,9.06119,0.025,0.051,0.53735,0.22841999,0.14955,0.24615,3.407,13.772,1139860992.0,2149065984.0
MCO,88940748800,48.31454,37.60277,13.568383,23.541374,0.216,0.473,0.73013,0.28345,0.11366,0.5131,1.516,185.449,1811874944.0,3103000064.0
MSI,79282839552,55.57895,32.772415,7.6079874,98.83527,0.094,0.209,0.5059,0.14049,0.13340999,2.51541,1.2,838.8,1866499968.0,3068999936.0
NDAQ,43053772800,43.552326,24.086819,6.5560794,3.9597213,0.251,-0.296,0.65997005,0.14421,0.04262,0.11017,0.938,94.142,1464875008.0,2401999872.0
NTAP,25911193600,24.761251,16.670618,4.063226,27.91924,0.076,0.696,0.71115,0.17014,0.09156,1.2042199,0.958,285.038,1226625024.0,1582000000.0
NFLX,327834861568,43.108917,33.054523,8.721963,14.397806,0.15,0.448,0.45251,0.20701,0.1184,0.34714,1.133,82.551,22079963136.0,9976898560.0
NEE,173430423552,27.485342,22.929346,6.7091074,3.5293622,-0.174,-0.428,0.61327,0.24445,0.02803,0.09078,0.488,139.029,-18709999616.0,14083000320.0
NKE,123426414592,23.759312,25.592592,2.467936,8.866552,-0.104,-0.255,0.44965,0.10599,0.106479995,0.3798,2.356,86.962,6571749888.0,7200999936.0
NI,15760642048,21.55828,18.994595,3.0075266,2.0023932,-0.005,1.107,0.51053,0.14757,0.03066,0.091280006,0.775,137.246,-1951862528.0,2277499904.0
NDSN,14705367040,31.362198,24.704132,5.5184746,5.1529846,0.02,-0.081,0.55067,0.17746,0.09146,0.17406,2.362,56.526,450169760.0,818784000.0
NSC,57059848192,31.945568,18.529367,4.7188096,4.396307,0.021,1.082,0.43847,0.14845,0.06493,0.14013,0.628,139.656,-232500000.0,5577999872.0
NOC,77625376768,34.489277,19.189804,1.9042631,5.436083,0.067,0.191,0.16804,0.05608,0.039690003,0.15349,1.105,127.026,2298625024.0,4304000000.0
NCLH,10469042176,24.54639,12.210256,1.1521915,15.107868,0.076,0.776,0.37854,0.046240002,0.03893,1.1863301,0.239,2036.184,-652946752.0,2153138944.0
NRG,17816784896,9.466009,13.72496,0.61775887,6.025265,0.049,1.696,0.20828,0.07191,0.05429,0.59641,1.181,301.573,1813374976.0,3696999936.0
NUE,37556367360,11.400577,14.747438,1.1487052,1.8122474,-0.152,-0.539,0.18531,0.10451,0.085810006,0.17629999,2.931,32.336,2269796352.0,5888082944.0
NVDA,3385139920896,64.48598,33.990147,35.149467,58.277027,1.224,1.68,0.75975996,0.55041003,0.55258,1.23767,4.269,17.221,33725874176.0,61184000000.0
NVR,30543235072,20.491835,18.79657,3.0169199,7.4188976,0.117,0.036,0.26124,0.16183001,0.2026,0.39541,6.129,25.282,1269340416.0,2071500032.0
NXPI,59467415552,21.879099,15.348454,4.536381,6.6005993,-0.052,-0.049,0.5719,0.21214001,0.09925,0.31456,2.211,108.935,2039374976.0,4696000000.0
OXY,48311193600,13.38342,15.654546,1.7812549,1.9683748,0.017,0.635,0.60825,0.17045,0.045440003,0.14427,1.041,64.525,2996250112.0,12232999936.0
ODFL,42760818688,34.1094,31.673014,7.1631,10.421476,0.061,0.113,0.40567002,0.21383,0.20274,0.32136002,1.46,1.459,782133504.0,2011958016.0
OMC,20383315968,14.273224,12.12065,1.3212069,5.158742,0.085,0.048,0.18731001,0.094519995,0.05077,0.33923998,0.983,155.236,1281712512.0,2420600064.0
ON,29338101760,15.601367,14.634616,3.7628388,3.5168161,-0.172,-0.393,0.46304,0.24837999,0.11146,0.25236,3.015,43.602,391237504.0,2986200064.0
OKE,56789516288,21.511063,16.939026,2.9734287,3.3986998,0.311,0.279,0.37756002,0.13409,0.07818,0.21406999,0.622,130.906,1250875008.0,5241999872.0
ORCL,484076486656,45.023193,24.398046,8.995196,44.757877,0.069,0.198,0.71310997,0.20396,0.072909996,1.55578,0.72,749.978,10339500032.0,21802999808.0
PCAR,57711599616,11.674442,13.574599,1.6353806,3.2602837,-0.012,-0.086,0.19263001,0.14066,0.09405,0.30283,5.096,81.7,-149490000.0,6295099904.0
PKG,19769372672,27.61857,20.194496,2.4933624,4.756369,0.063,-0.013,0.20658001,0.09059,0.0761,0.18013,2.434,76.584,568324992.0,1547000064.0
PLTR,96229171200,252.76471,99.93024,38.81803,23.740334,0.272,5.0,0.81388,0.16319,0.03979,0.114870004,5.916,6.246,543769344.0,325126016.0
PANW,122044645376,51.558456,52.132126,15.20332,23.571247,0.121,0.591,0.74347997,0.3211,0.032190003,0.74517995,0.892,27.28,2498700032.0,1094400000.0
PH,82405416960,29.324175,21.81335,4.1348243,6.8226995,0.018,0.104,0.35935003,0.14271,0.08384,0.25379,0.93,89.349,2884023808.0,4901744128.0
PAYX,50936360960,30.241453,26.754253,9.59109,13.228338,0.025,0.017,0.71773005,0.31983998,0.120349996,0.45672,1.378,22.517,1181175040.0,2358799872.0
PYPL,82747392000,19.645632,16.586065,2.6668618,4.050443,0.082,0.174,0.39580002,0.14303,0.041929998,0.22034,1.242,62.836,6406000128.0,5898999808.0
PNR,16390922240,25.010101,20.633333,3.9881558,4.774623,0.016,0.204,0.38025,0.16047001,0.08009,0.20722,1.645,54.921,491200000.0,951500032.0
PEP,240180576256,25.858198,20.285051,2.6129305,12.356013,-0.006,-0.049,0.54883,0.1018,0.087799996,0.48819,0.886,229.605,6129999872.0,17013999616.0
PCG,53297774592,17.418804,13.770269,2.1511858,1.6593388,0.132,0.263,0.36091,0.10167,0.02319,0.09972,0.903,228.678,-6309499904.0,8403999744.0
PSX,55502249984,11.372213,12.120659,0.36549985,1.8842989,0.087,-0.359,0.10974,0.03372,0.04768,0.16921,1.145,65.428,2637125120.0,7760000000.0
PNW,9988766720,16.221401,18.240664,2.0426764,1.6081651,0.167,0.872,0.41786,0.12655,0.025559999,0.10266,0.658,177.478,-126306624.0,1918966016.0
POOL,14171109376,31.153069,30.66308,2.6398983,9.962079,-0.047,-0.156,0.29642,0.0858,0.11175,0.31962,2.484,100.929,524428864.0,696185024.0
PPL,24095666176,28.902655,17.846994,2.917504,1.7131767,0.032,0.708,0.42838,0.10170999,0.031070001,0.059949998,1.113,115.222,-565500032.0,3294000128.0
PFG,20949088256,17.197718,10.743467,1.338292,1.9079558,0.212,-0.057,0.43653,0.0805,0.00327,0.118190005,1.528,38.081,650737472.0,1853799936.0
PG,403371261952,29.480207,23.05249,4.8074756,7.735874,-0.006,-0.119,0.51707,0.17063,0.10531,0.28766,0.754,69.337,13177624576.0,23900999680.0
PRU,45481799680,16.25,8.68439,0.7356181,1.6265976,0.103,1.377,0.27352,0.04611,0.0032,0.09594,0.749,143.358,17848000512.0,3942333440.0
PEG,44715020288,27.2,21.78641,4.3649964,2.8248625,0.001,-0.263,0.35836,0.16117,0.02796,0.10694,0.646,136.261,-1201374976.0,3620999936.0
PTC,22152892416,75.265305,31.629501,9.985325,7.343103,-0.044,0.118,0.79813004,0.13316,0.05256,0.10524999,0.696,66.058,3354500.0,592105984.0
PSA,60489719808,32.361423,32.544254,12.98334,11.290712,0.045,-0.113,0.73856,0.44637,0.07545,0.20954001,0.981,95.888,2215985408.0,3349156096.0
PHM,30929375232,11.377098,10.918681,1.8360071,2.7609713,0.098,0.192,0.29775,0.16750999,0.14309,0.26968,5.964,20.276,1128856064.0,3721209088.0
PWR,46301396992,59.184555,30.962563,2.10165,7.007603,0.108,0.125,0.13956,0.03587,0.046880003,0.13081001,1.296,58.01,1523643520.0,1792580992.0
QCOM,190404870144,21.828863,15.356693,5.0979915,7.7318373,0.111,0.174,0.55894,0.23326,0.12084,0.38924,2.394,58.995,11305249792.0,11564999680.0
DGX,16658588672,20.19568,15.459709,1.7824298,2.5103583,0.025,-0.01,0.33009,0.08988,0.06125,0.13588999,1.002,75.546,787875008.0,1791000064.0
RL,12774382592,19.926569,16.368254,1.9217979,5.436955,0.01,0.332,0.67140996,0.10272,0.07511,0.28403,2.191,113.316,773475008.0,1036800000.0
RTX,167503822848,72.786125,20.608837,2.3130455,2.8430796,0.077,-0.911,0.16383,0.031240001,0.01915,0.03648,0.993,71.795,9408374784.0,9217000448.0
REG,13250992128,34.889423,35.748768,9.080911,1.9993387,0.133,0.064,0.70879996,0.26928,0.028989999,0.06131,0.971,66.187,608371520.0,895897024.0
REGN,109207609344,26.250132,20.464367,8.095989,3.7897987,0.123,0.46,0.53271997,0.32037997,0.07615,0.16551,5.439,9.585,2090912512.0,4519099904.0
RSG,64321126400,34.247494,30.073421,4.13181,5.843415,0.086,0.201,0.41944,0.12109,0.06101,0.17778999,0.587,119.945,1648724992.0,4647099904.0
RMD,35223838720,34.732273,24.0,7.517952,7.2483463,0.09,0.269,0.57377,0.21791,0.12699,0.22703,2.589,17.967,1184884864.0,1533543040.0
RVTY,14759738368,74.79375,23.147001,5.4499273,1.8758523,-0.025,0.58,0.55259,0.06256,0.01594,0.02507,2.272,50.788,585845632.0,781416000.0
ROK,30956066816,30.967083,25.568886,3.5210958,9.308086,-0.084,-0.414,0.39828,0.115600005,0.08180001,0.25676,1.035,117.229,1091162496.0,1793900032.0
ROL,24283502592,52.778946,43.982456,7.506998,19.647335,0.087,0.215,0.52557,0.14232,0.14893,0.35711,0.778,70.837,437119360.0,745128000.0
ROP,59776307200,41.675636,27.922886,9.092283,3.2954512,0.121,-0.081,0.69904,0.22136,0.041100003,0.082679994,0.531,40.928,2018200064.0,2667399936.0
ROST,49731121152,24.138485,22.373135,2.3577147,9.702265,0.071,0.205,0.32478002,0.09824,0.11096,0.43236,1.558,114.299,1099991552.0,2983800064.0
RCL,51468554240,21.779957,14.777532,3.3573747,8.565676,0.167,0.825,0.47827998,0.16308,0.0661,0.5165,0.191,352.184,-1668983040.0,5209999872.0
SPGI,164262395904,49.744072,31.825348,12.372883,4.709218,0.144,1.019,0.6813,0.25030002,0.05353,0.09255,1.026,30.851,4082249984.0,6360999936.0
CRM,280050630656,51.034847,26.296228,7.679984,4.8693485,0.084,0.148,0.7635,0.15445,0.04705,0.09734,1.041,21.148,12935749632.0,9345000448.0
SRE,54425227264,18.367521,16.691261,4.038678,1.9029908,-0.097,0.179,0.37838,0.22381,0.01952,0.1042,0.459,93.667,-4350750208.0,5040000000.0
NOW,189748674560,166.68173,55.76225,19.06064,21.895859,0.222,-0.752,0.79066,0.11512,0.04048,0.147,1.118,26.021,3238625024.0,1639000064.0
SHW,97966915584,39.50763,30.105427,4.2580056,25.982471,0.005,0.14,0.48068002,0.10922,0.1003,0.68071,0.81,327.829,2477199872.0,4379299840.0
SPG,66325008384,22.480305,27.687012,11.358496,19.86526,0.065,0.016,0.82126,0.44015,0.05619,0.8296,0.389,719.648,1807284224.0,4271028992.0
SWKS,15749595136,20.373966,15.383776,3.6025424,2.4853191,-0.155,-0.385,0.40466,0.17848,0.06361,0.12777,5.754,18.951,1140899968.0,1136199936.0
SJM,12952802304,17.193504,11.527462,1.5241101,1.6671689,0.177,-0.026,0.3843,0.08771,0.05377,0.10090999,0.553,111.438,540987520.0,1977900032.0
SNA,17179301888,16.78281,16.3045,3.3665102,3.1272416,-0.005,0.042,0.51687,0.20402001,0.114029996,0.20599002,4.183,23.352,818550016.0,1480000000.0
SOLV,12725347328,31.48718,13.180679,1.550548,4.4385543,0.002,-0.726,0.56976,0.12891,0.06782,0.14497,1.308,289.71,2203249920.0,2086000000.0
SO,102057705472,22.252983,21.583332,3.9051697,3.1451123,0.124,0.434,0.49633,0.17632,0.03387,0.1268,0.914,181.438,-1471250048.0,12684000256.0
LUV,18561884160,238.3077,22.12857,0.6866888,1.7737318,0.045,-0.463,0.21711999,0.0028900001,0.0064700004,0.0073400005,0.903,87.043,-1636625024.0,1730000000.0
STLD,21073162240,12.281476,13.629741,1.1771615,2.316827,-0.054,-0.409,0.17271,0.09799,0.09089,0.19703,2.393,40.575,110624496.0,2689149952.0
STE,22252859392,40.008865,22.408144,4.2509336,3.508349,0.081,0.181,0.43598,0.07643,0.05515,0.08967,2.326,39.003,581443648.0,1345448960.0
SYK,140830081024,41.153675,27.374815,6.584229,7.126246,0.085,0.109,0.64005,0.1612,0.07235,0.18576,1.681,64.487,2201250048.0,5459999744.0
SMCI,27673800704,23.512438,10.939814,1.8519756,5.0708156,1.43,0.61,0.14132,0.08085,0.11618,0.32469,3.767,39.749,-2834003456.0,1304590720.0
SNPS,77886906368,52.37913,34.02886,12.01321,10.102816,0.127,0.204,0.80497,0.23111999,0.0862,0.21819,2.023,8.7,-144225504.0,1652390016.0
SYY,37108121600,19.419024,15.168674,0.47065243,19.973558,0.042,-0.144,0.18528,0.0248,0.09137999,0.99415,1.195,684.611,1873874944.0,4362999808.0
TMUS,260436983808,27.936172,20.57235,3.2926695,4.1579275,0.03,0.339,0.63601,0.119540006,0.05015,0.14729,0.838,183.709,13087250432.0,29938999296.0
TROW,25739005952,13.635613,12.5548315,3.7872643,2.5925426,0.076,0.024,0.50689,0.28663,0.102589995,0.18722,1.897,3.479,1790674944.0,2626400000.0
TPR,10510062592,12.900001,9.585987,1.575438,3.5878897,-0.018,-0.284,0.73293,0.122320004,0.07655,0.31538,5.144,302.589,926662528.0,1430300032.0
TRGP,35655270400,34.263157,20.706106,2.1927536,14.456387,0.047,-0.076,0.32327998,0.06724,0.07388,0.29883,0.646,313.789,155075008.0,3774899968.0
TGT,72252268544,16.202478,14.894587,0.6733669,5.0174346,0.027,0.428,0.28425,0.04182,0.07233,0.33968,0.897,132.802,3743624960.0,9230999552.0
TEL,45274816512,13.336616,18.144945,2.86332,3.5903306,-0.005,0.114,0.33886,0.21938999,0.081140004,0.28673,1.507,33.124,2201125120.0,3688999936.0
TDY,21055696896,24.513071,20.913568,3.7926576,2.2669623,-0.036,-0.026,0.43245998,0.15858,0.045450002,0.09847,1.979,29.999,884675008.0,1342000000.0
TFX,11305372672,42.923077,15.590643,3.7586377,2.479872,0.009,-0.281,0.55868,0.087629996,0.03266,0.060349997,2.583,40.476,308381888.0,630556992.0
TER,20566704128,41.460526,26.931625,7.6059456,7.4681516,0.066,0.562,0.57062,0.1833,0.091400005,0.1919,2.804,2.936,432075360.0,628179008.0
TSLA,705056997376,62.169014,72.83828,7.3968925,10.605478,0.023,-0.462,0.17719999,0.12996,0.044159997,0.20861,1.911,18.606,-907249984.0,12177999872.0
TXN,181212250112,34.337368,31.553259,11.261015,10.526679,-0.156,-0.348,0.59359,0.33009997,0.110249996,0.32044,4.616,80.696,-788374976.0,7153999872.0
TXT,16872039424,19.038055,12.919657,1.2140778,2.464153,0.03,0.034,0.16529,0.06671,0.04968,0.1338,1.789,57.837,793500032.0,1688000000.0
TMO,229850824704,37.303783,25.29256,5.4279227,4.845896,-0.014,0.151,0.40693,0.14689,0.04833,0.13527,1.725,74.528,6518624768.0,10764999680.0
TJX,132761567232,28.50121,25.58913,2.3868105,17.061892,0.056,0.129,0.36571,0.08563,0.12818,0.66199,1.214,162.567,3528750080.0,7125000192.0
TSCO,32103970816,28.7278,26.54951,2.1819727,13.871179,0.015,0.026,0.36158,0.07655,0.09962,0.51282,1.43,222.377,568652864.0,1906818944.0
TT,90841202688,39.387474,32.384552,4.8242807,13.089029,0.128,0.297,0.34651002,0.12332,0.10215,0.3575,1.17,75.61,2187324928.0,3526899968.0
TRV,60504289280,13.640803,12.811295,1.3343984,2.1756592,0.119,2.115,0.2565,0.10019,0.029289998,0.19059,0.334,29.004,14527125504.0,6719000064.0
TRMB,15084728320,10.109656,20.453642,4.0618043,2.687522,-0.124,28.705,0.65189004,0.407,0.03306,0.30337,0.994,33.752,1063837504.0,766300032.0
TYL,25109897216,121.828156,55.51226,12.375791,8.007812,0.073,0.365,0.44337,0.10243,0.03399,0.07044,1.056,20.557,471588736.0,356057984.0
UBER,166310428672,86.04348,35.182224,4.151637,13.446578,0.159,1.541,0.32372,0.0502,0.03331,0.19178,1.21,81.963,3908750080.0,2796999936.0
UDR,16821164032,109.19512,93.270836,10.042018,4.0098524,0.012,-0.923,0.66417,0.08231,0.01725,0.030350002,0.315,125.624,728852864.0,998438976.0
ULTA,17381556224,14.816065,15.672048,1.535315,7.431311,0.009,-0.12,0.42518002,0.10684,0.17914,0.54978,1.759,82.149,719191232.0,1827608064.0
UNP,148705247232,22.941729,19.717287,6.1606283,9.026366,0.007,0.066,0.54681,0.26904,0.08788,0.43756,1.049,201.328,3499749888.0,11768999936.0
UAL,24386156544,8.837902,6.143331,0.43551373,2.1320338,0.025,-0.152,0.33286,0.04936,0.041139998,0.27245,0.795,291.676,-1218749952.0,7482999808.0
UPS,116434640896,22.17455,15.290213,1.3009167,6.8402777,-0.011,-0.32,0.2143,0.0587,0.07265,0.28331,1.248,155.099,1867750016.0,11612000256.0
URI,55505879040,22.173582,17.676285,3.7628555,6.712871,0.062,0.112,0.41272,0.17355,0.09661999,0.32622,0.811,167.576,2835624960.0,4528000000.0
UNH,525988102144,37.03576,18.805216,1.3353409,5.3036804,0.092,0.043,0.22872,0.03635,0.06924,0.15252,0.908,74.683,-2398249984.0,35035000832.0
UHS,15789012992,17.38942,13.243983,1.0513738,2.434551,0.101,0.76,0.41088,0.06222,0.06482,0.14938,1.275,76.199,608469120.0,2012871936.0
VLO,43904872448,7.7643056,12.595588,0.32684338,1.7256402,-0.001,-0.499,0.07875,0.04429,0.08099,0.21823,1.48,38.021,6990249984.0,10814999552.0
VLTO,28071241728,35.5,30.37433,5.5291,16.8496,0.028,-0.045,0.58893,0.156,0.13529,0.31948,1.961,166.089,896124992.0,1240999936.0
VRSK,38115508224,43.09501,36.811554,13.732348,88.61589,0.062,0.583,0.67913,0.32033002,0.1627,2.42046,0.953,755.686,741049984.0,1323699968.0
VZ,185176801280,16.537594,9.359575,1.3794149,1.9255012,0.006,-0.009,0.59853,0.08382,0.04982,0.120950006,0.626,182.829,8379500032.0,48111001600.0
VICI,34755571712,13.015686,12.157509,9.281352,1.3461771,0.066,0.035,0.99022,0.70378,0.049990002,0.10666,15.6,67.497,-47317500.0,3474679040.0
V,565511651328,31.148981,26.229242,16.19542,14.489705,0.096,0.202,0.97803,0.54717,0.16209,0.48548,1.373,51.856,14696625152.0,24384000000.0
VST,45061459968,96.44118,18.953758,3.2040286,14.529744,0.206,-0.231,0.34677,0.046079997,0.03305,0.12665,0.977,232.38,805875008.0,4044000000.0
VMC,34562744320,37.875546,28.509804,4.5596085,4.486962,-0.047,0.005,0.25862,0.12064,0.06061,0.123730004,2.481,51.846,503875008.0,2005699968.0
GWW,55026565120,30.868258,26.782318,3.284776,16.81086,0.031,0.025,0.39279,0.10858,0.19731002,0.55533004,2.303,75.913,1480499968.0,2814000128.0
WAB,33486231552,33.535088,22.674969,3.2775013,3.2037742,0.098,0.547,0.32132998,0.09944,0.05197,0.099,1.378,40.798,1023000000.0,2047000064.0
WMT,653590069248,42.348957,29.893381,0.98279047,7.7386503,0.048,-0.423,0.24628,0.02339,0.069510005,0.18531999,0.803,69.566,7701374976.0,40779001856.0
WM,85379768320,33.76984,26.494396,4.070355,11.443709,0.055,0.119,0.39145002,0.12128,0.07876,0.35022998,1.073,224.708,1416125056.0,6236000256.0
WAT,20684654592,34.845,27.501974,7.1908255,14.647527,-0.043,-0.059,0.59681,0.20708999,0.11165,0.5457,2.103,148.168,592939136.0,995238016.0
WEC,31560488960,23.060047,19.128353,3.6582966,2.6120281,-0.032,-0.272,0.43502,0.15858,0.03213,0.11181,0.74,151.895,-320312512.0,3566500096.0
WELL,81789911040,122.44444,73.466675,11.420145,2.775411,0.141,1.058,0.40922,0.08283,0.01845,0.023729999,2.497,48.293,2927084032.0,2781885952.0
WST,21277902848,41.664776,37.60513,7.3961215,8.264165,-0.069,-0.267,0.35683998,0.18245001,0.10663,0.1972,2.34,12.186,172087504.0,756800000.0
WY,24045035520,32.411766,35.170216,3.192808,2.3944378,-0.029,-0.235,0.21285,0.09892,0.03629,0.07381,2.194,50.702,727124992.0,1494000000.0
WMB,63823179776,22.568966,24.467289,6.22483,5.2058067,0.041,-0.129,0.60909003,0.27552998,0.04555,0.20376,0.45,178.096,1215500032.0,5833999872.0
WTW,29454286848,27.941233,15.874658,3.0409136,3.1543171,0.049,0.548,0.45034,0.11243,0.044120003,0.11383,1.107,63.654,1522125056.0,2527000064.0
XEL,35719090176,19.125374,16.684896,2.5919085,1.9888867,0.002,0.038,0.45286998,0.13461,0.026519999,0.106400006,0.966,170.558,-2463875072.0,5484000256.0
XYL,32625387520,41.45679,27.925158,3.885825,3.1550515,0.26,0.787,0.36815,0.09111,0.041550003,0.07553,1.852,20.332,975750016.0,1622000000.0
ZBRA,19365861376,84.7517,24.300972,4.4447694,5.8904285,0.002,-0.219,0.46523,0.052789997,0.04023,0.07326,1.283,71.646,363624992.0,654000000.0
ZBH,21650243584,22.194155,12.404901,2.8771853,1.7096587,0.039,0.18,0.71792,0.13251,0.045440003,0.07946,1.286,47.332,1038512512.0,2520699904.0
ZTS,87565697024,37.89804,29.919504,9.822288,17.662434,0.083,-0.055,0.70005995,0.26293,0.14406,0.48888,3.451,136.573,1690749952.0,3644999936.0
